image_path,iod,miod,is_lv3,od_threshold_used,dilate_radius_used,low_iod,low_miod,low_both,figure_path
data\raw\train\IHC\00000_train_1+.png,10940.779296875,0.19050633907318115,0,0.2,2,0,0,0,outputs\signal_debug_all\raw__train__IHC__00000_train_1+.png.png
data\raw\train\IHC\00001_train_3+.png,318243.15625,0.30457592010498047,1,0.25,0,0,0,0,outputs\signal_debug_all\raw__train__IHC__00001_train_3+.png.png
data\raw\train\IHC\00002_train_3+.png,27862.73828125,0.02657674252986908,1,0.25,0,0,1,0,outputs\signal_debug_all\raw__train__IHC__00002_train_3+.png.png
data\raw\train\IHC\00004_train_1+.png,88401.3671875,0.08430611342191696,0,0.2,2,0,0,0,outputs\signal_debug_all\raw__train__IHC__00004_train_1+.png.png
data\raw\train\IHC\00005_train_3+.png,311444.34375,1.053868055343628,1,0.25,0,0,0,0,outputs\signal_debug_all\raw__train__IHC__00005_train_3+.png.png
data\raw\train\IHC\00006_train_2+.png,361563.78125,2.1315603256225586,0,0.2,2,0,0,0,outputs\signal_debug_all\raw__train__IHC__00006_train_2+.png.png
data\raw\train\IHC\00007_train_3+.png,548535.6875,0.5232970714569092,1,0.25,0,0,0,0,outputs\signal_debug_all\raw__train__IHC__00007_train_3+.png.png
data\raw\train\IHC\00008_train_2+.png,1720.53466796875,0.08998141437768936,0,0.2,2,0,0,0,outputs\signal_debug_all\raw__train__IHC__00008_train_2+.png.png
data\raw\train\IHC\00009_train_2+.png,4915.45068359375,0.004687739070504904,0,0.2,2,0,1,0,outputs\signal_debug_all\raw__train__IHC__00009_train_2+.png.png
data\raw\train\IHC\00010_train_3+.png,82511.8671875,0.4079011082649231,1,0.25,0,0,0,0,outputs\signal_debug_all\raw__train__IHC__00010_train_3+.png.png
data\raw\train\IHC\00011_train_2+.png,51144.12890625,0.0487748421728611,0,0.2,2,0,1,0,outputs\signal_debug_all\raw__train__IHC__00011_train_2+.png.png
data\raw\train\IHC\00012_train_2+.png,4599.099609375,0.07850570231676102,0,0.2,2,0,0,0,outputs\signal_debug_all\raw__train__IHC__00012_train_2+.png.png
data\raw\train\IHC\00013_train_2+.png,450152.21875,0.6807430386543274,0,0.2,2,0,0,0,outputs\signal_debug_all\raw__train__IHC__00013_train_2+.png.png
data\raw\train\IHC\00014_train_3+.png,413419.9375,0.3942679762840271,1,0.25,0,0,0,0,outputs\signal_debug_all\raw__train__IHC__00014_train_3+.png.png
data\raw\train\IHC\00015_train_0.png,1192091.875,1.7811636924743652,0,0.2,2,0,0,0,outputs\signal_debug_all\raw__train__IHC__00015_train_0.png.png
data\raw\train\IHC\00016_train_2+.png,13023.064453125,0.08822198212146759,0,0.2,2,0,0,0,outputs\signal_debug_all\raw__train__IHC__00016_train_2+.png.png
data\raw\train\IHC\00017_train_3+.png,19.479312896728516,1.8584594727144577e-05,1,0.25,0,1,1,1,outputs\signal_debug_all\raw__train__IHC__00017_train_3+.png.png
data\raw\train\IHC\00018_train_3+.png,65087.046875,0.13929127156734467,1,0.25,0,0,0,0,outputs\signal_debug_all\raw__train__IHC__00018_train_3+.png.png
data\raw\train\IHC\00019_train_1+.png,268698.9375,1.7352432012557983,0,0.2,2,0,0,0,outputs\signal_debug_all\raw__train__IHC__00019_train_1+.png.png
data\raw\train\IHC\00020_train_1+.png,993008.75,0.9470069408416748,0,0.2,2,0,0,0,outputs\signal_debug_all\raw__train__IHC__00020_train_1+.png.png
data\raw\train\IHC\00021_train_2+.png,269826.0625,0.42199423909187317,0,0.2,2,0,0,0,
data\raw\train\IHC\00022_train_3+.png,22.31351661682129,2.1281695808283985e-05,1,0.25,0,1,1,1,
data\raw\train\IHC\00024_train_3+.png,142405.65625,0.1360933780670166,1,0.25,0,0,0,0,
data\raw\train\IHC\00025_train_1+.png,118.7603530883789,0.00011325869854772463,0,0.2,2,1,1,1,
data\raw\train\IHC\00027_train_1+.png,21019.521484375,0.020045777782797813,0,0.2,2,0,1,0,
data\raw\train\IHC\00028_train_3+.png,41.16779708862305,3.93128975701984e-05,1,0.25,0,1,1,1,
data\raw\train\IHC\00030_train_3+.png,6953.26513671875,1.2630817890167236,1,0.25,0,0,0,0,
data\raw\train\IHC\00031_train_2+.png,12244.1611328125,0.0148552181199193,0,0.2,2,0,1,0,
data\raw\train\IHC\00032_train_3+.png,111.74832153320312,0.00010689282498788089,1,0.25,0,1,1,1,
data\raw\train\IHC\00034_train_2+.png,114238.1796875,0.3809818923473358,0,0.2,2,0,0,0,
data\raw\train\IHC\00035_train_2+.png,1625.997802734375,0.0034402094315737486,0,0.2,2,0,1,0,
data\raw\train\IHC\00036_train_3+.png,661976.8125,0.6313102841377258,1,0.25,0,0,0,0,
data\raw\train\IHC\00037_train_2+.png,37607.046875,0.7360508441925049,0,0.2,2,0,0,0,
data\raw\train\IHC\00038_train_2+.png,602206.125,0.7036055326461792,0,0.2,2,0,0,0,
data\raw\train\IHC\00039_train_1+.png,746284.5,0.8545578122138977,0,0.2,2,0,0,0,
data\raw\train\IHC\00040_train_3+.png,26263.818359375,0.025273768231272697,1,0.25,0,0,1,0,
data\raw\train\IHC\00041_train_2+.png,33158.28515625,0.847842812538147,0,0.2,2,0,0,0,
data\raw\train\IHC\00042_train_2+.png,305563.71875,0.2914082705974579,0,0.2,2,0,0,0,
data\raw\train\IHC\00043_train_2+.png,560127.0,0.887528121471405,0,0.2,2,0,0,0,
data\raw\train\IHC\00044_train_1+.png,0.0020398797933012247,1.945380967427468e-09,0,0.2,2,1,1,1,
data\raw\train\IHC\00045_train_1+.png,33461.0078125,0.24410907924175262,0,0.2,2,0,0,0,
data\raw\train\IHC\00046_train_2+.png,0.011997967958450317,1.1442153891039197e-08,0,0.2,2,1,1,1,
data\raw\train\IHC\00047_train_1+.png,1227.48291015625,0.07938706874847412,0,0.2,2,0,0,0,
data\raw\train\IHC\00048_train_2+.png,85911.8046875,0.685167670249939,0,0.2,2,0,0,0,
data\raw\train\IHC\00049_train_1+.png,101405.1796875,1.4464757442474365,0,0.2,2,0,0,0,
data\raw\train\IHC\00050_train_2+.png,1.4253442949454799e-16,1.359314246125679e-22,0,0.2,2,1,1,1,
data\raw\train\IHC\00051_train_2+.png,519313.15625,0.49525561928749084,0,0.2,2,0,0,0,
data\raw\train\IHC\00052_train_3+.png,170369.984375,0.16364137828350067,1,0.25,0,0,0,0,
data\raw\train\IHC\00053_train_3+.png,0.023825641721487045,2.278201982619521e-08,1,0.25,0,1,1,1,
data\raw\train\IHC\00054_train_3+.png,18720.109375,0.05691542476415634,1,0.25,0,0,0,0,
data\raw\train\IHC\00055_train_1+.png,227666.984375,0.3939243257045746,0,0.2,2,0,0,0,
data\raw\train\IHC\00057_train_3+.png,274485.03125,0.2632422149181366,1,0.25,0,0,0,0,
data\raw\train\IHC\00059_train_1+.png,267788.6875,1.0198287963867188,0,0.2,2,0,0,0,
data\raw\train\IHC\00062_train_1+.png,125618.265625,0.24226030707359314,0,0.2,2,0,0,0,
data\raw\train\IHC\00063_train_2+.png,5736.80126953125,0.005471040029078722,0,0.2,2,0,1,0,
data\raw\train\IHC\00064_train_1+.png,506242.21875,0.4827902019023895,0,0.2,2,0,0,0,
data\raw\train\IHC\00065_train_1+.png,92061.59375,0.8202208876609802,0,0.2,2,0,0,0,
data\raw\train\IHC\00066_train_1+.png,24156.51953125,0.02303745225071907,0,0.2,2,0,1,0,
data\raw\train\IHC\00067_train_3+.png,35967.97265625,0.11635150015354156,1,0.25,0,0,0,0,
data\raw\train\IHC\00068_train_3+.png,18669.015625,1.6662813425064087,1,0.25,0,0,0,0,
data\raw\train\IHC\00069_train_2+.png,2173.449951171875,0.0020727633964270353,0,0.2,2,0,1,0,
data\raw\train\IHC\00070_train_2+.png,390057.375,1.1478487253189087,0,0.2,2,0,0,0,
data\raw\train\IHC\00071_train_2+.png,40445.53515625,0.17376720905303955,0,0.2,2,0,0,0,
data\raw\train\IHC\00072_train_3+.png,4981574.0,4.770987510681152,1,0.25,0,0,0,0,
data\raw\train\IHC\00073_train_2+.png,22779.716796875,0.026538589969277382,0,0.2,2,0,1,0,
data\raw\train\IHC\00074_train_2+.png,596150.125,0.5685330629348755,0,0.2,2,0,0,0,
data\raw\train\IHC\00075_train_2+.png,243993.234375,0.23269008100032806,0,0.2,2,0,0,0,
data\raw\train\IHC\00076_train_2+.png,87591.9921875,0.6140859723091125,0,0.2,2,0,0,0,
data\raw\train\IHC\00077_train_1+.png,119942.7734375,1.0381510257720947,0,0.2,2,0,0,0,
data\raw\train\IHC\00078_train_3+.png,480788.25,0.4585757553577423,1,0.25,0,0,0,0,
data\raw\train\IHC\00079_train_3+.png,118441.890625,0.1137857735157013,1,0.25,0,0,0,0,
data\raw\train\IHC\00080_train_3+.png,160.20025634765625,0.00015403040742967278,1,0.25,0,1,1,1,
data\raw\train\IHC\00081_train_1+.png,700331.125,0.7765692472457886,0,0.2,2,0,0,0,
data\raw\train\IHC\00082_train_2+.png,2.0133185386657715,1.92005018107011e-06,0,0.2,2,1,1,1,
data\raw\train\IHC\00083_train_2+.png,116627.7734375,0.7168095111846924,0,0.2,2,0,0,0,
data\raw\train\IHC\00084_train_2+.png,142034.125,1.0519644021987915,0,0.2,2,0,0,0,
data\raw\train\IHC\00085_train_2+.png,30172.255859375,0.8342713117599487,0,0.2,2,0,0,0,
data\raw\train\IHC\00086_train_2+.png,3816.330322265625,0.0036395362112671137,0,0.2,2,0,1,0,
data\raw\train\IHC\00087_train_2+.png,39723.46484375,0.037883248180150986,0,0.2,2,0,1,0,
data\raw\train\IHC\00088_train_1+.png,40876.01953125,1.360357403755188,0,0.2,2,0,0,0,
data\raw\train\IHC\00089_train_2+.png,18240.33203125,0.01739533618092537,0,0.2,2,0,1,0,
data\raw\train\IHC\00090_train_2+.png,34819.84375,1.0518954992294312,0,0.2,2,0,0,0,
data\raw\train\IHC\00091_train_3+.png,435.7947082519531,0.0004195230721961707,1,0.25,0,1,1,1,
data\raw\train\IHC\00093_train_2+.png,72652.1328125,0.17386466264724731,0,0.2,2,0,0,0,
data\raw\train\IHC\00094_train_1+.png,479643.875,0.4574240446090698,0,0.2,2,0,0,0,
data\raw\train\IHC\00095_train_2+.png,928.161865234375,0.0008851641323417425,0,0.2,2,0,1,0,
data\raw\train\IHC\00096_train_1+.png,89.78458404541016,8.562525181332603e-05,0,0.2,2,1,1,1,
data\raw\train\IHC\00097_train_2+.png,194245.234375,0.18524669110774994,0,0.2,2,0,0,0,
data\raw\train\IHC\00098_train_1+.png,13741.396484375,0.1755797266960144,0,0.2,2,0,0,0,
data\raw\train\IHC\00099_train_3+.png,1073.3304443359375,0.002946831751614809,1,0.25,0,0,1,0,
data\raw\train\IHC\00100_train_2+.png,132356.46875,0.6853906512260437,0,0.2,2,0,0,0,
data\raw\train\IHC\00101_train_3+.png,249946.171875,0.23843251168727875,1,0.25,0,0,0,0,
data\raw\train\IHC\00102_train_2+.png,219377.46875,1.4367130994796753,0,0.2,2,0,0,0,
data\raw\train\IHC\00103_train_2+.png,48364.77734375,0.7884318828582764,0,0.2,2,0,0,0,
data\raw\train\IHC\00104_train_3+.png,4598.3994140625,1.57156503200531,1,0.25,0,0,0,0,
data\raw\train\IHC\00105_train_1+.png,148180.8125,0.3094262182712555,0,0.2,2,0,0,0,
data\raw\train\IHC\00106_train_3+.png,797435.6875,0.9467055797576904,1,0.25,0,0,0,0,
data\raw\train\IHC\00107_train_3+.png,730760.5625,0.8043869137763977,1,0.25,0,0,0,0,
data\raw\train\IHC\00108_train_3+.png,0.002590697957202792,2.4707009771418598e-09,1,0.25,0,1,1,1,
data\raw\train\IHC\00109_train_3+.png,6920.4736328125,0.006628780625760555,1,0.25,0,0,1,0,
data\raw\train\IHC\00110_train_2+.png,578302.375,0.5515121221542358,0,0.2,2,0,0,0,
data\raw\train\IHC\00111_train_3+.png,27482.19140625,1.2952910661697388,1,0.25,0,0,0,0,
data\raw\train\IHC\00112_train_2+.png,1008027.75,1.4381126165390015,0,0.2,2,0,0,0,
data\raw\train\IHC\00113_train_1+.png,184441.125,0.629307210445404,0,0.2,2,0,0,0,
data\raw\train\IHC\00114_train_2+.png,736.199462890625,0.0007020945195108652,0,0.2,2,0,1,0,
data\raw\train\IHC\00116_train_1+.png,46294.46484375,0.6151761412620544,0,0.2,2,0,0,0,
data\raw\train\IHC\00117_train_2+.png,142950.484375,0.13632820546627045,0,0.2,2,0,0,0,
data\raw\train\IHC\00118_train_3+.png,907279.125,2.2144854068756104,1,0.25,0,0,0,0,
data\raw\train\IHC\00119_train_1+.png,83081.7890625,0.8039032220840454,0,0.2,2,0,0,0,
data\raw\train\IHC\00120_train_1+.png,16.704265594482422,1.5930429071886465e-05,0,0.2,2,1,1,1,
data\raw\train\IHC\00121_train_1+.png,8.971620559692383,8.556004104320891e-06,0,0.2,2,1,1,1,
data\raw\train\IHC\00123_train_1+.png,14136.9658203125,0.013482061214745045,0,0.2,2,0,1,0,
data\raw\train\IHC\00124_train_1+.png,293462.09375,1.1751645803451538,0,0.2,2,0,0,0,
data\raw\train\IHC\00125_train_1+.png,64008.2109375,0.10160759091377258,0,0.2,2,0,0,0,
data\raw\train\IHC\00126_train_1+.png,484247.75,0.46181464195251465,0,0.2,2,0,0,0,
data\raw\train\IHC\00127_train_2+.png,261427.21875,1.7929552793502808,0,0.2,2,0,0,0,
data\raw\train\IHC\00128_train_3+.png,425.48138427734375,0.0020596247632056475,1,0.25,0,1,1,1,
data\raw\train\IHC\00131_train_2+.png,2270.005859375,0.12045027315616608,0,0.2,2,0,0,0,
data\raw\train\IHC\00132_train_0.png,486897.25,1.0880482196807861,0,0.2,2,0,0,0,
data\raw\train\IHC\00134_train_2+.png,7127.16552734375,0.006796994712203741,0,0.2,2,0,1,0,
data\raw\train\IHC\00135_train_2+.png,208190.0,0.5157992839813232,0,0.2,2,0,0,0,
data\raw\train\IHC\00136_train_3+.png,648962.6875,0.61969393491745,1,0.25,0,0,0,0,
data\raw\train\IHC\00137_train_3+.png,37750.73046875,0.13555750250816345,1,0.25,0,0,0,0,
data\raw\train\IHC\00138_train_3+.png,3.968733549118042,3.797402314376086e-06,1,0.25,0,1,1,1,
data\raw\train\IHC\00140_train_1+.png,29.463661193847656,2.809873694786802e-05,0,0.2,2,1,1,1,
data\raw\train\IHC\00141_train_1+.png,1045427.8125,0.9969976544380188,0,0.2,2,0,0,0,
data\raw\train\IHC\00142_train_1+.png,38753.91015625,0.03695860877633095,0,0.2,2,0,1,0,
data\raw\train\IHC\00144_train_3+.png,317996.96875,0.3034212291240692,1,0.25,0,0,0,0,
data\raw\train\IHC\00145_train_3+.png,34103.09765625,0.03252892568707466,1,0.25,0,0,1,0,
data\raw\train\IHC\00146_train_3+.png,770495.5,0.7353705167770386,1,0.25,0,0,0,0,
data\raw\train\IHC\00147_train_2+.png,3781.20166015625,0.0036060349084436893,0,0.2,2,0,1,0,
data\raw\train\IHC\00148_train_3+.png,113.50691986083984,0.00956814642995596,1,0.25,0,1,1,1,
data\raw\train\IHC\00149_train_2+.png,4215.853515625,0.004020551219582558,0,0.2,2,0,1,0,
data\raw\train\IHC\00150_train_3+.png,3987.112548828125,0.03372535482048988,1,0.25,0,0,1,0,
data\raw\train\IHC\00151_train_1+.png,1439561.375,1.3728727102279663,0,0.2,2,0,0,0,
data\raw\train\IHC\00152_train_3+.png,70642.9765625,0.14209647476673126,1,0.25,0,0,0,0,
data\raw\train\IHC\00153_train_3+.png,493765.15625,0.47089338302612305,1,0.25,0,0,0,0,
data\raw\train\IHC\00154_train_2+.png,251985.484375,0.6906644701957703,0,0.2,2,0,0,0,
data\raw\train\IHC\00155_train_2+.png,4742.36376953125,0.004522670526057482,0,0.2,2,0,1,0,
data\raw\train\IHC\00157_train_2+.png,181952.59375,0.5295847058296204,0,0.2,2,0,0,0,
data\raw\train\IHC\00158_train_3+.png,44114.4140625,0.718967616558075,1,0.25,0,0,0,0,
data\raw\train\IHC\00159_train_1+.png,200997.484375,0.5595106482505798,0,0.2,2,0,0,0,
data\raw\train\IHC\00160_train_2+.png,101385.703125,0.8322514295578003,0,0.2,2,0,0,0,
data\raw\train\IHC\00161_train_2+.png,730545.0625,1.2692660093307495,0,0.2,2,0,0,0,
data\raw\train\IHC\00162_train_3+.png,638.8104858398438,0.0006116408039815724,1,0.25,0,0,1,0,
data\raw\train\IHC\00163_train_1+.png,104550.59375,0.38301971554756165,0,0.2,2,0,0,0,
data\raw\train\IHC\00164_train_2+.png,478.65435791015625,0.0004564803675748408,0,0.2,2,1,1,1,
data\raw\train\IHC\00165_train_2+.png,169526.4375,0.925089955329895,0,0.2,2,0,0,0,
data\raw\train\IHC\00166_train_3+.png,28.22220230102539,2.6979216272593476e-05,1,0.25,0,1,1,1,
data\raw\train\IHC\00167_train_1+.png,215968.140625,0.8335127234458923,0,0.2,2,0,0,0,
data\raw\train\IHC\00168_train_1+.png,49763.77734375,0.04745843634009361,0,0.2,2,0,1,0,
data\raw\train\IHC\00170_train_1+.png,41626.390625,0.03969801962375641,0,0.2,2,0,1,0,
data\raw\train\IHC\00171_train_3+.png,72529.3515625,0.15285234153270721,1,0.25,0,0,0,0,
data\raw\train\IHC\00172_train_3+.png,129847.8515625,0.36544740200042725,1,0.25,0,0,0,0,
data\raw\train\IHC\00173_train_1+.png,0.06098788604140282,3.276329323398386e-07,0,0.2,2,1,1,1,
data\raw\train\IHC\00174_train_1+.png,30616.08984375,0.19372735917568207,0,0.2,2,0,0,0,
data\raw\train\IHC\00175_train_1+.png,37683.77734375,0.03593805059790611,0,0.2,2,0,1,0,
data\raw\train\IHC\00176_train_2+.png,39528.65625,1.5886446237564087,0,0.2,2,0,0,0,
data\raw\train\IHC\00177_train_2+.png,730.4493408203125,0.0006966107757762074,0,0.2,2,0,1,0,
data\raw\train\IHC\00178_train_1+.png,6262.4248046875,0.005972313694655895,0,0.2,2,0,1,0,
data\raw\train\IHC\00180_train_2+.png,1783.8831787109375,0.0017012435710057616,0,0.2,2,0,1,0,
data\raw\train\IHC\00181_train_1+.png,72706.4765625,0.5052359104156494,0,0.2,2,0,0,0,
data\raw\train\IHC\00182_train_3+.png,806104.625,0.9821345806121826,1,0.25,0,0,0,0,
data\raw\train\IHC\00183_train_3+.png,48895.06640625,0.1047414019703865,1,0.25,0,0,0,0,
data\raw\train\IHC\00184_train_1+.png,29531.796875,0.028163716197013855,0,0.2,2,0,1,0,
data\raw\train\IHC\00185_train_3+.png,90897.875,0.08671335130929947,1,0.25,0,0,0,0,
data\raw\train\IHC\00186_train_1+.png,819694.0,0.7817211151123047,0,0.2,2,0,0,0,
data\raw\train\IHC\00187_train_1+.png,247698.71875,0.8973160982131958,0,0.2,2,0,0,0,
data\raw\train\IHC\00188_train_1+.png,949835.75,1.0530481338500977,0,0.2,2,0,0,0,
data\raw\train\IHC\00189_train_2+.png,172608.46875,0.16461226344108582,0,0.2,2,0,0,0,
data\raw\train\IHC\00190_train_2+.png,23152.7734375,0.141762375831604,0,0.2,2,0,0,0,
data\raw\train\IHC\00191_train_3+.png,3.958392858505249,3.797777253566892e-06,1,0.25,0,1,1,1,
data\raw\train\IHC\00194_train_1+.png,406287.21875,0.5563299655914307,0,0.2,2,0,0,0,
data\raw\train\IHC\00195_train_1+.png,973890.125,0.9287739992141724,0,0.2,2,0,0,0,
data\raw\train\IHC\00196_train_3+.png,2678.675537109375,0.0025787961203604937,1,0.25,0,0,1,0,
data\raw\train\IHC\00197_train_3+.png,449081.6875,0.4310069680213928,1,0.25,0,0,0,0,
data\raw\train\IHC\00198_train_2+.png,4380.0595703125,0.0041771503165364265,0,0.2,2,0,1,0,
data\raw\train\IHC\00199_train_2+.png,66455.3125,0.06337672472000122,0,0.2,2,0,0,0,
data\raw\train\IHC\00200_train_3+.png,304790.46875,0.2923576533794403,1,0.25,0,0,0,0,
data\raw\train\IHC\00201_train_1+.png,103114.421875,0.7011104822158813,0,0.2,2,0,0,0,
data\raw\train\IHC\00202_train_3+.png,653976.3125,0.6275345087051392,1,0.25,0,0,0,0,
data\raw\train\IHC\00203_train_2+.png,73600.2421875,0.12033694237470627,0,0.2,2,0,0,0,
data\raw\train\IHC\00204_train_2+.png,34863.4609375,0.84247887134552,0,0.2,2,0,0,0,
data\raw\train\IHC\00205_train_2+.png,31.209253311157227,2.9763463317067362e-05,0,0.2,2,1,1,1,
data\raw\train\IHC\00206_train_1+.png,24295.11328125,0.5863852500915527,0,0.2,2,0,0,0,
data\raw\train\IHC\00207_train_1+.png,73589.4765625,0.4519433081150055,0,0.2,2,0,0,0,
data\raw\train\IHC\00208_train_3+.png,84792.1484375,0.6041994690895081,1,0.25,0,0,0,0,
data\raw\train\IHC\00209_train_3+.png,247180.0625,0.23572927713394165,1,0.25,0,0,0,0,
data\raw\train\IHC\00210_train_3+.png,16959.775390625,0.14619362354278564,1,0.25,0,0,0,0,
data\raw\train\IHC\00212_train_1+.png,376209.78125,1.0965945720672607,0,0.2,2,0,0,0,
data\raw\train\IHC\00213_train_2+.png,7552.0673828125,0.0072022126987576485,0,0.2,2,0,1,0,
data\raw\train\IHC\00214_train_3+.png,1129.7432861328125,0.001078950590454042,1,0.25,0,0,1,0,
data\raw\train\IHC\00215_train_2+.png,13820.6943359375,0.4391006827354431,0,0.2,2,0,0,0,
data\raw\train\IHC\00216_train_2+.png,1021.7393188476562,0.07880143076181412,0,0.2,2,0,0,0,
data\raw\train\IHC\00217_train_1+.png,89563.390625,1.0312659740447998,0,0.2,2,0,0,0,
data\raw\train\IHC\00218_train_2+.png,311813.9375,0.29736894369125366,0,0.2,2,0,0,0,
data\raw\train\IHC\00221_train_2+.png,1069359.875,1.019821047782898,0,0.2,2,0,0,0,
data\raw\train\IHC\00223_train_1+.png,708.040771484375,0.08516246825456619,0,0.2,2,0,0,0,
data\raw\train\IHC\00224_train_1+.png,50825.34375,0.04847082495689392,0,0.2,2,0,1,0,
data\raw\train\IHC\00225_train_2+.png,0.109119713306427,1.0406466799395275e-07,0,0.2,2,1,1,1,
data\raw\train\IHC\00226_train_1+.png,303109.6875,0.28906792402267456,0,0.2,2,0,0,0,
data\raw\train\IHC\00227_train_2+.png,155.60829162597656,0.0001483996311435476,0,0.2,2,1,1,1,
data\raw\train\IHC\00228_train_2+.png,34888.7109375,0.6353799104690552,0,0.2,2,0,0,0,
data\raw\train\IHC\00229_train_3+.png,1215688.875,1.1656733751296997,1,0.25,0,0,0,0,
data\raw\train\IHC\00230_train_2+.png,23342.671875,0.022261306643486023,0,0.2,2,0,1,0,
data\raw\train\IHC\00231_train_3+.png,40643.546875,0.1622943878173828,1,0.25,0,0,0,0,
data\raw\train\IHC\00232_train_0.png,732237.9375,0.9018586277961731,0,0.2,2,0,0,0,
data\raw\train\IHC\00233_train_2+.png,51767.9140625,1.0230813026428223,0,0.2,2,0,0,0,
data\raw\train\IHC\00234_train_2+.png,302511.65625,0.28849759697914124,0,0.2,2,0,0,0,
data\raw\train\IHC\00236_train_3+.png,481468.25,0.6310207843780518,1,0.25,0,0,0,0,
data\raw\train\IHC\00237_train_2+.png,1171515.25,1.117244005203247,0,0.2,2,0,0,0,
data\raw\train\IHC\00240_train_1+.png,92713.5234375,0.1528206318616867,0,0.2,2,0,0,0,
data\raw\train\IHC\00241_train_3+.png,133494.09375,0.12732762098312378,1,0.25,0,0,0,0,
data\raw\train\IHC\00242_train_2+.png,3209.18994140625,0.005449863150715828,0,0.2,2,0,1,0,
data\raw\train\IHC\00243_train_2+.png,33742.65234375,0.299482136964798,0,0.2,2,0,0,0,
data\raw\train\IHC\00245_train_0.png,56295.76171875,0.325710266828537,0,0.2,2,0,0,0,
data\raw\train\IHC\00246_train_1+.png,200307.96875,0.2981598675251007,0,0.2,2,0,0,0,
data\raw\train\IHC\00247_train_1+.png,111087.8671875,0.9714044332504272,0,0.2,2,0,0,0,
data\raw\train\IHC\00248_train_2+.png,922.0078735351562,0.48323264718055725,0,0.2,2,0,0,0,
data\raw\train\IHC\00249_train_1+.png,50667.4609375,0.09209134429693222,0,0.2,2,0,0,0,
data\raw\train\IHC\00250_train_3+.png,14359.1708984375,0.37740612030029297,1,0.25,0,0,0,0,
data\raw\train\IHC\00251_train_1+.png,2149.723388671875,0.0020501359831541777,0,0.2,2,0,1,0,
data\raw\train\IHC\00252_train_2+.png,577381.75,0.5506341457366943,0,0.2,2,0,0,0,
data\raw\train\IHC\00254_train_2+.png,7945.34912109375,0.007577275391668081,0,0.2,2,0,1,0,
data\raw\train\IHC\00255_train_2+.png,6765.03173828125,0.3145063519477844,0,0.2,2,0,0,0,
data\raw\train\IHC\00256_train_1+.png,47606.08984375,0.18653473258018494,0,0.2,2,0,0,0,
data\raw\train\IHC\00257_train_2+.png,6805.505859375,0.006490236148238182,0,0.2,2,0,1,0,
data\raw\train\IHC\00258_train_2+.png,128717.140625,0.8229312300682068,0,0.2,2,0,0,0,
data\raw\train\IHC\00259_train_1+.png,795150.9375,0.9285534024238586,0,0.2,2,0,0,0,
data\raw\train\IHC\00260_train_2+.png,3418.646728515625,0.0032602755818516016,0,0.2,2,0,1,0,
data\raw\train\IHC\00261_train_3+.png,1306252.375,1.2459044456481934,1,0.25,0,0,0,0,
data\raw\train\IHC\00262_train_3+.png,719369.625,1.028367280960083,1,0.25,0,0,0,0,
data\raw\train\IHC\00263_train_2+.png,1.5377139839234388e-10,1.4664783324465168e-16,0,0.2,2,1,1,1,
data\raw\train\IHC\00264_train_3+.png,650.41064453125,0.0006286742282100022,1,0.25,0,0,1,0,
data\raw\train\IHC\00266_train_2+.png,20788.681640625,0.14423562586307526,0,0.2,2,0,0,0,
data\raw\train\IHC\00267_train_1+.png,159554.21875,0.7666674256324768,0,0.2,2,0,0,0,
data\raw\train\IHC\00268_train_2+.png,19530.482421875,0.18542888760566711,0,0.2,2,0,0,0,
data\raw\train\IHC\00270_train_2+.png,282200.375,1.2339433431625366,0,0.2,2,0,0,0,
data\raw\train\IHC\00271_train_3+.png,1186489.875,1.131525993347168,1,0.25,0,0,0,0,
data\raw\train\IHC\00272_train_2+.png,100847.7890625,0.8373697400093079,0,0.2,2,0,0,0,
data\raw\train\IHC\00273_train_2+.png,28295.54296875,0.5665453672409058,0,0.2,2,0,0,0,
data\raw\train\IHC\00274_train_2+.png,63744.1796875,0.328363299369812,0,0.2,2,0,0,0,
data\raw\train\IHC\00275_train_0.png,269161.875,0.624091386795044,0,0.2,2,0,0,0,
data\raw\train\IHC\00276_train_2+.png,48578.58203125,0.04632814601063728,0,0.2,2,0,1,0,
data\raw\train\IHC\00277_train_2+.png,298923.34375,0.28507551550865173,0,0.2,2,0,0,0,
data\raw\train\IHC\00278_train_2+.png,337680.28125,0.322037011384964,0,0.2,2,0,0,0,
data\raw\train\IHC\00279_train_2+.png,73088.7421875,0.3312819302082062,0,0.2,2,0,0,0,
data\raw\train\IHC\00280_train_1+.png,158349.546875,0.7271813154220581,0,0.2,2,0,0,0,
data\raw\train\IHC\00281_train_2+.png,73954.46875,0.28438010811805725,0,0.2,2,0,0,0,
data\raw\train\IHC\00282_train_1+.png,821850.25,0.7837774753570557,0,0.2,2,0,0,0,
data\raw\train\IHC\00283_train_2+.png,8.374955177307129,7.98697965365136e-06,0,0.2,2,1,1,1,
data\raw\train\IHC\00285_train_2+.png,55062.21875,0.3091837167739868,0,0.2,2,0,0,0,
data\raw\train\IHC\00286_train_1+.png,2616.155029296875,0.07150503993034363,0,0.2,2,0,0,0,
data\raw\train\IHC\00287_train_0.png,316875.40625,3.766094207763672,0,0.2,2,0,0,0,
data\raw\train\IHC\00289_train_1+.png,20923.958984375,0.04019857197999954,0,0.2,2,0,1,0,
data\raw\train\IHC\00290_train_2+.png,244372.703125,0.5407947301864624,0,0.2,2,0,0,0,
data\raw\train\IHC\00291_train_3+.png,396046.03125,0.5922068357467651,1,0.25,0,0,0,0,
data\raw\train\IHC\00294_train_3+.png,181853.65625,0.173474982380867,1,0.25,0,0,0,0,
data\raw\train\IHC\00295_train_1+.png,90132.03125,0.8547614812850952,0,0.2,2,0,0,0,
data\raw\train\IHC\00297_train_1+.png,3199.053466796875,0.003050855128094554,0,0.2,2,0,1,0,
data\raw\train\IHC\00298_train_1+.png,413943.75,0.9737699031829834,0,0.2,2,0,0,0,
data\raw\train\IHC\00299_train_0.png,467727.40625,0.9228796362876892,0,0.2,2,0,0,0,
data\raw\train\IHC\00300_train_2+.png,14151.939453125,0.30252760648727417,0,0.2,2,0,0,0,
data\raw\train\IHC\00301_train_2+.png,0.002218987327069044,2.1161912222567025e-09,0,0.2,2,1,1,1,
data\raw\train\IHC\00302_train_1+.png,90679.25,0.8889687061309814,0,0.2,2,0,0,0,
data\raw\train\IHC\00303_train_2+.png,291827.75,0.278308629989624,0,0.2,2,0,0,0,
data\raw\train\IHC\00304_train_2+.png,501197.1875,0.4779788851737976,0,0.2,2,0,0,0,
data\raw\train\IHC\00305_train_3+.png,224200.390625,0.21382679045200348,1,0.25,0,0,0,0,
data\raw\train\IHC\00306_train_2+.png,4401.890625,0.6036602854728699,0,0.2,2,0,0,0,
data\raw\train\IHC\00307_train_3+.png,140967.03125,0.2204718142747879,1,0.25,0,0,0,0,
data\raw\train\IHC\00308_train_0.png,1495531.125,1.7640432119369507,0,0.2,2,0,0,0,
data\raw\train\IHC\00309_train_3+.png,471811.9375,0.44995492696762085,1,0.25,0,0,0,0,
data\raw\train\IHC\00310_train_2+.png,5142.5322265625,0.06085764989256859,0,0.2,2,0,0,0,
data\raw\train\IHC\00313_train_1+.png,24276.15625,1.4955739974975586,0,0.2,2,0,0,0,
data\raw\train\IHC\00314_train_2+.png,2.536059617996216,2.4185749225580366e-06,0,0.2,2,1,1,1,
data\raw\train\IHC\00316_train_2+.png,612644.1875,0.584263026714325,0,0.2,2,0,0,0,
data\raw\train\IHC\00317_train_1+.png,152247.28125,0.8863851428031921,0,0.2,2,0,0,0,
data\raw\train\IHC\00318_train_2+.png,102069.953125,0.6665531396865845,0,0.2,2,0,0,0,
data\raw\train\IHC\00319_train_1+.png,90422.84375,1.0421220064163208,0,0.2,2,0,0,0,
data\raw\train\IHC\00320_train_2+.png,95115.0234375,0.09070875495672226,0,0.2,2,0,0,0,
data\raw\train\IHC\00321_train_0.png,97929.4609375,0.406528502702713,0,0.2,2,0,0,0,
data\raw\train\IHC\00322_train_2+.png,55846.984375,0.9417068958282471,0,0.2,2,0,0,0,
data\raw\train\IHC\00324_train_2+.png,1626.308837890625,0.0015509689692407846,0,0.2,2,0,1,0,
data\raw\train\IHC\00325_train_1+.png,43185.7578125,0.04118514806032181,0,0.2,2,0,1,0,
data\raw\train\IHC\00326_train_0.png,633360.125,0.9462697505950928,0,0.2,2,0,0,0,
data\raw\train\IHC\00328_train_2+.png,4053.62646484375,0.003865839447826147,0,0.2,2,0,1,0,
data\raw\train\IHC\00329_train_3+.png,2278.66552734375,0.002173281041905284,1,0.25,0,0,1,0,
data\raw\train\IHC\00330_train_2+.png,483833.9375,1.143064260482788,0,0.2,2,0,0,0,
data\raw\train\IHC\00331_train_2+.png,75755.796875,0.5174258351325989,0,0.2,2,0,0,0,
data\raw\train\IHC\00332_train_2+.png,454728.6875,0.4336630702018738,0,0.2,2,0,0,0,
data\raw\train\IHC\00333_train_3+.png,126739.25,0.12255237251520157,1,0.25,0,0,0,0,
data\raw\train\IHC\00334_train_2+.png,8702.23046875,0.1050727516412735,0,0.2,2,0,0,0,
data\raw\train\IHC\00335_train_1+.png,97507.578125,0.09299047291278839,0,0.2,2,0,0,0,
data\raw\train\IHC\00336_train_3+.png,5617.77587890625,0.03348039463162422,1,0.25,0,0,1,0,
data\raw\train\IHC\00337_train_2+.png,494420.25,0.4715158939361572,0,0.2,2,0,0,0,
data\raw\train\IHC\00338_train_1+.png,123466.9375,0.1177472472190857,0,0.2,2,0,0,0,
data\raw\train\IHC\00339_train_1+.png,47835.02734375,0.11095859855413437,0,0.2,2,0,0,0,
data\raw\train\IHC\00340_train_3+.png,6375.4462890625,0.018769696354866028,1,0.25,0,0,1,0,
data\raw\train\IHC\00341_train_0.png,173813.84375,0.34191834926605225,0,0.2,2,0,0,0,
data\raw\train\IHC\00342_train_2+.png,13267.3818359375,0.21841469407081604,0,0.2,2,0,0,0,
data\raw\train\IHC\00343_train_0.png,96507.1015625,0.2844996154308319,0,0.2,2,0,0,0,
data\raw\train\IHC\00344_train_2+.png,163150.453125,0.8856090903282166,0,0.2,2,0,0,0,
data\raw\train\IHC\00345_train_2+.png,8895.3173828125,0.008483235724270344,0,0.2,2,0,1,0,
data\raw\train\IHC\00346_train_2+.png,8600.291015625,0.04155251756310463,0,0.2,2,0,1,0,
data\raw\train\IHC\00347_train_2+.png,53860.953125,0.6382536888122559,0,0.2,2,0,0,0,
data\raw\train\IHC\00348_train_1+.png,68368.6953125,0.7429280281066895,0,0.2,2,0,0,0,
data\raw\train\IHC\00349_train_2+.png,287462.53125,0.27414563298225403,0,0.2,2,0,0,0,
data\raw\train\IHC\00350_train_2+.png,776.4883422851562,0.0007405169890262187,0,0.2,2,0,1,0,
data\raw\train\IHC\00351_train_1+.png,12884.9921875,0.012288086116313934,0,0.2,2,0,1,0,
data\raw\train\IHC\00352_train_3+.png,504548.8125,0.48321396112442017,1,0.25,0,0,0,0,
data\raw\train\IHC\00353_train_1+.png,73271.5546875,0.8490724563598633,0,0.2,2,0,0,0,
data\raw\train\IHC\00354_train_1+.png,4913.4228515625,0.3222339153289795,0,0.2,2,0,0,0,
data\raw\train\IHC\00356_train_2+.png,4568.978515625,0.004357317462563515,0,0.2,2,0,1,0,
data\raw\train\IHC\00358_train_2+.png,25166.8203125,0.024000950157642365,0,0.2,2,0,1,0,
data\raw\train\IHC\00359_train_2+.png,13975.984375,0.03632484748959541,0,0.2,2,0,1,0,
data\raw\train\IHC\00360_train_2+.png,325052.3125,0.9336371421813965,0,0.2,2,0,0,0,
data\raw\train\IHC\00361_train_2+.png,1.78053617477417,1.6980516193143558e-06,0,0.2,2,1,1,1,
data\raw\train\IHC\00362_train_0.png,131139.09375,0.2670569121837616,0,0.2,2,0,0,0,
data\raw\train\IHC\00363_train_3+.png,15968.5068359375,0.015253950841724873,1,0.25,0,0,1,0,
data\raw\train\IHC\00364_train_3+.png,7835.5078125,0.037339501082897186,1,0.25,0,0,1,0,
data\raw\train\IHC\00365_train_2+.png,864401.4375,0.8243574500083923,0,0.2,2,0,0,0,
data\raw\train\IHC\00366_train_1+.png,96615.171875,0.951423704624176,0,0.2,2,0,0,0,
data\raw\train\IHC\00367_train_2+.png,963628.5,0.9189877510070801,0,0.2,2,0,0,0,
data\raw\train\IHC\00368_train_3+.png,224.89300537109375,0.00021452439250424504,1,0.25,0,1,1,1,
data\raw\train\IHC\00369_train_3+.png,45881.22265625,0.0793883427977562,1,0.25,0,0,0,0,
data\raw\train\IHC\00372_train_2+.png,2203.979736328125,0.0021018788684159517,0,0.2,2,0,1,0,
data\raw\train\IHC\00373_train_0.png,1400570.375,1.5516412258148193,0,0.2,2,0,0,0,
data\raw\train\IHC\00374_train_2+.png,1323203.875,1.261905550956726,0,0.2,2,0,0,0,
data\raw\train\IHC\00375_train_3+.png,76794.4140625,0.47094646096229553,1,0.25,0,0,0,0,
data\raw\train\IHC\00376_train_2+.png,838915.625,0.800052285194397,0,0.2,2,0,0,0,
data\raw\train\IHC\00377_train_1+.png,67351.078125,0.8206140398979187,0,0.2,2,0,0,0,
data\raw\train\IHC\00378_train_1+.png,133347.125,1.004460334777832,0,0.2,2,0,0,0,
data\raw\train\IHC\00379_train_2+.png,1257596.0,1.1993370056152344,0,0.2,2,0,0,0,
data\raw\train\IHC\00380_train_1+.png,111427.8125,0.19177502393722534,0,0.2,2,0,0,0,
data\raw\train\IHC\00381_train_2+.png,259367.59375,0.2473522126674652,0,0.2,2,0,0,0,
data\raw\train\IHC\00382_train_3+.png,4147.8212890625,1.1066758632659912,1,0.25,0,0,0,0,
data\raw\train\IHC\00383_train_1+.png,132830.828125,0.9475327730178833,0,0.2,2,0,0,0,
data\raw\train\IHC\00385_train_0.png,1237286.5,1.288956880569458,0,0.2,2,0,0,0,
data\raw\train\IHC\00388_train_2+.png,123345.4140625,0.4875968098640442,0,0.2,2,0,0,0,
data\raw\train\IHC\00390_train_1+.png,278382.75,0.265486478805542,0,0.2,2,0,0,0,
data\raw\train\IHC\00393_train_1+.png,162798.09375,0.18082387745380402,0,0.2,2,0,0,0,
data\raw\train\IHC\00394_train_1+.png,61120.5625,0.7093185782432556,0,0.2,2,0,0,0,
data\raw\train\IHC\00395_train_2+.png,272321.28125,0.2597058117389679,0,0.2,2,0,0,0,
data\raw\train\IHC\00396_train_2+.png,86839.3203125,0.7083488702774048,0,0.2,2,0,0,0,
data\raw\train\IHC\00397_train_2+.png,28841.955078125,0.02750583179295063,0,0.2,2,0,1,0,
data\raw\train\IHC\00398_train_2+.png,115338.8515625,1.3077411651611328,0,0.2,2,0,0,0,
data\raw\train\IHC\00399_train_3+.png,2.5979084968566895,2.509372734493809e-06,1,0.25,0,1,1,1,
data\raw\train\IHC\00401_train_1+.png,196842.828125,0.8332359790802002,0,0.2,2,0,0,0,
data\raw\train\IHC\00402_train_1+.png,4229.73291015625,0.00403378764167428,0,0.2,2,0,1,0,
data\raw\train\IHC\00403_train_2+.png,1964878.875,1.8738545179367065,0,0.2,2,0,0,0,
data\raw\train\IHC\00405_train_1+.png,48464.16015625,0.8048385977745056,0,0.2,2,0,0,0,
data\raw\train\IHC\00406_train_2+.png,51936.00390625,0.0495300330221653,0,0.2,2,0,1,0,
data\raw\train\IHC\00407_train_3+.png,121702.4453125,0.14626871049404144,1,0.25,0,0,0,0,
data\raw\train\IHC\00408_train_1+.png,32671.541015625,0.03115800954401493,0,0.2,2,0,1,0,
data\raw\train\IHC\00409_train_0.png,48427.828125,0.28546401858329773,0,0.2,2,0,0,0,
data\raw\train\IHC\00410_train_2+.png,58992.0703125,0.3877154588699341,0,0.2,2,0,0,0,
data\raw\train\IHC\00411_train_3+.png,346756.34375,0.3306926190853119,1,0.25,0,0,0,0,
data\raw\train\IHC\00413_train_1+.png,39547.17578125,0.5855717658996582,0,0.2,2,0,0,0,
data\raw\train\IHC\00415_train_3+.png,105631.8046875,0.10075851529836655,1,0.25,0,0,0,0,
data\raw\train\IHC\00416_train_2+.png,0.0017480518436059356,1.6670721469935756e-09,0,0.2,2,1,1,1,
data\raw\train\IHC\00417_train_3+.png,341451.8125,0.32610592246055603,1,0.25,0,0,0,0,
data\raw\train\IHC\00418_train_2+.png,1568.4686279296875,0.0014958082465454936,0,0.2,2,0,1,0,
data\raw\train\IHC\00420_train_2+.png,547204.875,0.5218552350997925,0,0.2,2,0,0,0,
data\raw\train\IHC\00422_train_0.png,931247.875,1.4690932035446167,0,0.2,2,0,0,0,
data\raw\train\IHC\00424_train_2+.png,1660.768310546875,0.0015838320832699537,0,0.2,2,0,1,0,
data\raw\train\IHC\00425_train_3+.png,598623.4375,0.6752676963806152,1,0.25,0,0,0,0,
data\raw\train\IHC\00426_train_2+.png,83629.8359375,0.5402723550796509,0,0.2,2,0,0,0,
data\raw\train\IHC\00427_train_1+.png,53094.70703125,0.05063505843281746,0,0.2,2,0,0,0,
data\raw\train\IHC\00428_train_1+.png,690906.8125,0.6589000821113586,0,0.2,2,0,0,0,
data\raw\train\IHC\00429_train_3+.png,6474.99560546875,0.013795312494039536,1,0.25,0,0,1,0,
data\raw\train\IHC\00430_train_2+.png,746961.1875,0.7123576998710632,0,0.2,2,0,0,0,
data\raw\train\IHC\00431_train_2+.png,405629.90625,0.3868388235569,0,0.2,2,0,0,0,
data\raw\train\IHC\00432_train_2+.png,36597.21484375,0.03490182384848595,0,0.2,2,0,1,0,
data\raw\train\IHC\00434_train_3+.png,138253.390625,0.1318669468164444,1,0.25,0,0,0,0,
data\raw\train\IHC\00435_train_3+.png,259244.6875,0.24754615128040314,1,0.25,0,0,0,0,
data\raw\train\IHC\00436_train_3+.png,204515.96875,0.19567909836769104,1,0.25,0,0,0,0,
data\raw\train\IHC\00437_train_2+.png,192198.65625,0.18329492211341858,0,0.2,2,0,0,0,
data\raw\train\IHC\00438_train_2+.png,403522.4375,0.38482898473739624,0,0.2,2,0,0,0,
data\raw\train\IHC\00439_train_3+.png,333356.625,0.31833958625793457,1,0.25,0,0,0,0,
data\raw\train\IHC\00440_train_2+.png,0.00012034781684633344,1.1477262196191163e-10,0,0.2,2,1,1,1,
data\raw\train\IHC\00441_train_1+.png,811052.5,0.846698522567749,0,0.2,2,0,0,0,
data\raw\train\IHC\00442_train_2+.png,45560.21875,0.05749547481536865,0,0.2,2,0,0,0,
data\raw\train\IHC\00443_train_2+.png,119149.7890625,0.6091720461845398,0,0.2,2,0,0,0,
data\raw\train\IHC\00444_train_2+.png,15517.5654296875,0.8082065582275391,0,0.2,2,0,0,0,
data\raw\train\IHC\00445_train_3+.png,1128412.375,1.0762302875518799,1,0.25,0,0,0,0,
data\raw\train\IHC\00448_train_2+.png,9704.94921875,0.10917071998119354,0,0.2,2,0,0,0,
data\raw\train\IHC\00449_train_0.png,1243775.25,1.4904454946517944,0,0.2,2,0,0,0,
data\raw\train\IHC\00450_train_2+.png,2176.30419921875,0.0020754854194819927,0,0.2,2,0,1,0,
data\raw\train\IHC\00451_train_3+.png,163109.09375,0.5756635665893555,1,0.25,0,0,0,0,
data\raw\train\IHC\00452_train_3+.png,81843.328125,0.43260088562965393,1,0.25,0,0,0,0,
data\raw\train\IHC\00454_train_2+.png,5073.7392578125,0.00483869481831789,0,0.2,2,0,1,0,
data\raw\train\IHC\00455_train_2+.png,555557.75,0.5298211574554443,0,0.2,2,0,0,0,
data\raw\train\IHC\00456_train_3+.png,233990.21875,0.30318883061408997,1,0.25,0,0,0,0,
data\raw\train\IHC\00457_train_3+.png,343.8660583496094,0.03249537572264671,1,0.25,0,1,1,1,
data\raw\train\IHC\00458_train_2+.png,1648250.75,1.5718944072723389,0,0.2,2,0,0,0,
data\raw\train\IHC\00459_train_3+.png,535991.1875,0.5129804015159607,1,0.25,0,0,0,0,
data\raw\train\IHC\00460_train_1+.png,6240.38720703125,0.31951192021369934,0,0.2,2,0,0,0,
data\raw\train\IHC\00461_train_2+.png,0.6182431578636169,5.896026209484262e-07,0,0.2,2,1,1,1,
data\raw\train\IHC\00462_train_2+.png,63458.265625,0.6799123883247375,0,0.2,2,0,0,0,
data\raw\train\IHC\00463_train_2+.png,35660.171875,0.03400819003582001,0,0.2,2,0,1,0,
data\raw\train\IHC\00464_train_2+.png,5588.9892578125,0.0053300755098462105,0,0.2,2,0,1,0,
data\raw\train\IHC\00465_train_2+.png,23390.93359375,0.7551308870315552,0,0.2,2,0,0,0,
data\raw\train\IHC\00466_train_1+.png,240525.09375,0.32060906291007996,0,0.2,2,0,0,0,
data\raw\train\IHC\00467_train_2+.png,25789.443359375,0.4192655384540558,0,0.2,2,0,0,0,
data\raw\train\IHC\00468_train_3+.png,444201.75,0.4236617684364319,1,0.25,0,0,0,0,
data\raw\train\IHC\00469_train_2+.png,5732.06591796875,0.0054665240459144115,0,0.2,2,0,1,0,
data\raw\train\IHC\00470_train_1+.png,892626.1875,0.8512746691703796,0,0.2,2,0,0,0,
data\raw\train\IHC\00471_train_2+.png,204367.75,0.8585509657859802,0,0.2,2,0,0,0,
data\raw\train\IHC\00475_train_3+.png,170183.65625,0.16253399848937988,1,0.25,0,0,0,0,
data\raw\train\IHC\00476_train_3+.png,239844.125,0.3890264332294464,1,0.25,0,0,0,0,
data\raw\train\IHC\00477_train_2+.png,72351.1953125,1.212440848350525,0,0.2,2,0,0,0,
data\raw\train\IHC\00478_train_2+.png,859.7612915039062,0.11977727711200714,0,0.2,2,0,0,0,
data\raw\train\IHC\00479_train_2+.png,219959.34375,0.6085436940193176,0,0.2,2,0,0,0,
data\raw\train\IHC\00480_train_2+.png,47425.8984375,0.04522886127233505,0,0.2,2,0,1,0,
data\raw\train\IHC\00481_train_1+.png,121899.0078125,0.75090092420578,0,0.2,2,0,0,0,
data\raw\train\IHC\00482_train_0.png,6705.20166015625,0.6117326617240906,0,0.2,2,0,0,0,
data\raw\train\IHC\00483_train_1+.png,449.8504638671875,0.0004290108336135745,0,0.2,2,1,1,1,
data\raw\train\IHC\00484_train_3+.png,24694.904296875,0.02372397668659687,1,0.25,0,0,1,0,
data\raw\train\IHC\00485_train_2+.png,129244.9453125,0.6669467687606812,0,0.2,2,0,0,0,
data\raw\train\IHC\00486_train_3+.png,187979.515625,0.17971530556678772,1,0.25,0,0,0,0,
data\raw\train\IHC\00487_train_3+.png,3356.437744140625,0.18907378613948822,1,0.25,0,0,0,0,
data\raw\train\IHC\00488_train_2+.png,4036.688720703125,0.0038496863562613726,0,0.2,2,0,1,0,
data\raw\train\IHC\00489_train_1+.png,4504.20556640625,0.0042955451644957066,0,0.2,2,0,1,0,
data\raw\train\IHC\00490_train_3+.png,441104.28125,0.5518079996109009,1,0.25,0,0,0,0,
data\raw\train\IHC\00492_train_2+.png,320849.15625,0.8936207294464111,0,0.2,2,0,0,0,
data\raw\train\IHC\00493_train_1+.png,1322.533203125,0.06742458045482635,0,0.2,2,0,0,0,
data\raw\train\IHC\00494_train_2+.png,19506.07421875,0.03060808591544628,0,0.2,2,0,1,0,
data\raw\train\IHC\00495_train_2+.png,3983.7734375,0.003799222409725189,0,0.2,2,0,1,0,
data\raw\train\IHC\00496_train_2+.png,35874.8046875,0.0547361820936203,0,0.2,2,0,0,0,
data\raw\train\IHC\00498_train_1+.png,35739.94921875,0.07526227831840515,0,0.2,2,0,0,0,
data\raw\train\IHC\00499_train_2+.png,0.005211635027080774,4.970202471810126e-09,0,0.2,2,1,1,1,
data\raw\train\IHC\00500_train_1+.png,414104.25,0.44128334522247314,0,0.2,2,0,0,0,
data\raw\train\IHC\00501_train_3+.png,96727.515625,0.10394527018070221,1,0.25,0,0,0,0,
data\raw\train\IHC\00502_train_1+.png,1366104.5,1.302818775177002,0,0.2,2,0,0,0,
data\raw\train\IHC\00503_train_2+.png,166163.125,1.1557486057281494,0,0.2,2,0,0,0,
data\raw\train\IHC\00504_train_3+.png,585549.125,1.809495449066162,1,0.25,0,0,0,0,
data\raw\train\IHC\00505_train_2+.png,0.07056079804897308,6.729202084443386e-08,0,0.2,2,1,1,1,
data\raw\train\IHC\00506_train_2+.png,56391.33203125,0.6157872080802917,0,0.2,2,0,0,0,
data\raw\train\IHC\00507_train_2+.png,1850893.25,1.7651493549346924,0,0.2,2,0,0,0,
data\raw\train\IHC\00508_train_3+.png,2305.297119140625,0.07537592202425003,1,0.25,0,0,0,0,
data\raw\train\IHC\00510_train_2+.png,90192.59375,0.7619805932044983,0,0.2,2,0,0,0,
data\raw\train\IHC\00511_train_2+.png,333.8712463378906,0.00031840443261899054,0,0.2,2,1,1,1,
data\raw\train\IHC\00512_train_2+.png,297892.96875,0.46071526408195496,0,0.2,2,0,0,0,
data\raw\train\IHC\00513_train_2+.png,24354.181640625,0.02322595752775669,0,0.2,2,0,1,0,
data\raw\train\IHC\00514_train_3+.png,814393.8125,0.7768576145172119,1,0.25,0,0,0,0,
data\raw\train\IHC\00515_train_3+.png,5924.53076171875,0.005651107523590326,1,0.25,0,0,1,0,
data\raw\train\IHC\00516_train_3+.png,112.28269958496094,0.006924191955476999,1,0.25,0,1,1,1,
data\raw\train\IHC\00517_train_2+.png,74231.8671875,0.0707930251955986,0,0.2,2,0,0,0,
data\raw\train\IHC\00518_train_2+.png,6.050756837794324e-06,5.770451391023945e-12,0,0.2,2,1,1,1,
data\raw\train\IHC\00519_train_1+.png,546220.75,0.6829962134361267,0,0.2,2,0,0,0,
data\raw\train\IHC\00520_train_2+.png,4.598708152770996,4.385669853945728e-06,0,0.2,2,1,1,1,
data\raw\train\IHC\00523_train_2+.png,802823.125,1.2768213748931885,0,0.2,2,0,0,0,
data\raw\train\IHC\00524_train_2+.png,616.7958984375,0.0005882224068045616,0,0.2,2,0,1,0,
data\raw\train\IHC\00525_train_1+.png,30506.66015625,0.41376182436943054,0,0.2,2,0,0,0,
data\raw\train\IHC\00526_train_2+.png,299855.75,1.0867173671722412,0,0.2,2,0,0,0,
data\raw\train\IHC\00528_train_1+.png,20194.27734375,0.019258763641119003,0,0.2,2,0,1,0,
data\raw\train\IHC\00529_train_2+.png,8359.509765625,0.22905904054641724,0,0.2,2,0,0,0,
data\raw\train\IHC\00530_train_3+.png,2016889.0,1.9314087629318237,1,0.25,0,0,0,0,
data\raw\train\IHC\00532_train_2+.png,329665.375,0.31439340114593506,0,0.2,2,0,0,0,
data\raw\train\IHC\00533_train_0.png,31723.4921875,0.08098636567592621,0,0.2,2,0,0,0,
data\raw\train\IHC\00534_train_2+.png,16224.009765625,0.015472421422600746,0,0.2,2,0,1,0,
data\raw\train\IHC\00535_train_1+.png,105741.0625,0.7191606163978577,0,0.2,2,0,0,0,
data\raw\train\IHC\00536_train_3+.png,10923.2412109375,0.010420882143080235,1,0.25,0,0,1,0,
data\raw\train\IHC\00537_train_1+.png,31000.939453125,0.054081909358501434,0,0.2,2,0,0,0,
data\raw\train\IHC\00538_train_1+.png,1029623.5,1.205810546875,0,0.2,2,0,0,0,
data\raw\train\IHC\00539_train_1+.png,1021365.9375,1.1207298040390015,0,0.2,2,0,0,0,
data\raw\train\IHC\00540_train_3+.png,3957.89501953125,1.0799168348312378,1,0.25,0,0,0,0,
data\raw\train\IHC\00541_train_2+.png,6604.701171875,0.006298733875155449,0,0.2,2,0,1,0,
data\raw\train\IHC\00543_train_2+.png,394764.71875,0.5917322635650635,0,0.2,2,0,0,0,
data\raw\train\IHC\00544_train_3+.png,623639.25,0.5988245606422424,1,0.25,0,0,0,0,
data\raw\train\IHC\00545_train_2+.png,90314.546875,0.28845179080963135,0,0.2,2,0,0,0,
data\raw\train\IHC\00546_train_2+.png,157561.5625,0.15026241540908813,0,0.2,2,0,0,0,
data\raw\train\IHC\00548_train_1+.png,240577.578125,0.513867974281311,0,0.2,2,0,0,0,
data\raw\train\IHC\00550_train_1+.png,88902.984375,0.8014910221099854,0,0.2,2,0,0,0,
data\raw\train\IHC\00551_train_2+.png,0.015289707109332085,1.4581400975544057e-08,0,0.2,2,1,1,1,
data\raw\train\IHC\00552_train_3+.png,698000.0,1.4917716979980469,1,0.25,0,0,0,0,
data\raw\train\IHC\00555_train_3+.png,14360.4365234375,0.03809164837002754,1,0.25,0,0,1,0,
data\raw\train\IHC\00556_train_3+.png,610342.625,0.6688884496688843,1,0.25,0,0,0,0,
data\raw\train\IHC\00557_train_2+.png,341774.96875,0.3259420096874237,0,0.2,2,0,0,0,
data\raw\train\IHC\00558_train_2+.png,9.707946446724236e-06,9.25821919128822e-12,0,0.2,2,1,1,1,
data\raw\train\IHC\00560_train_0.png,151658.75,0.3800904452800751,0,0.2,2,0,0,0,
data\raw\train\IHC\00561_train_3+.png,19220.03125,0.018333427608013153,1,0.25,0,0,1,0,
data\raw\train\IHC\00562_train_3+.png,2379.317138671875,0.002283867448568344,1,0.25,0,0,1,0,
data\raw\train\IHC\00563_train_2+.png,1645.683349609375,0.0015694459434598684,0,0.2,2,0,1,0,
data\raw\train\IHC\00565_train_1+.png,338787.0,0.3230924606323242,0,0.2,2,0,0,0,
data\raw\train\IHC\00566_train_2+.png,6726.765625,0.20713035762310028,0,0.2,2,0,0,0,
data\raw\train\IHC\00567_train_3+.png,75986.3125,0.07249820977449417,1,0.25,0,0,0,0,
data\raw\train\IHC\00568_train_3+.png,765.9385375976562,0.0007308804197236896,1,0.25,0,0,1,0,
data\raw\train\IHC\00570_train_3+.png,0.38011378049850464,3.6252444601814204e-07,1,0.25,0,1,1,1,
data\raw\train\IHC\00571_train_2+.png,118179.6953125,0.11270494014024734,0,0.2,2,0,0,0,
data\raw\train\IHC\00572_train_1+.png,291.31036376953125,0.00027781521202996373,0,0.2,2,1,1,1,
data\raw\train\IHC\00573_train_1+.png,72095.46875,0.14704027771949768,0,0.2,2,0,0,0,
data\raw\train\IHC\00575_train_2+.png,443422.59375,1.2395836114883423,0,0.2,2,0,0,0,
data\raw\train\IHC\00576_train_3+.png,774679.75,0.7407610416412354,1,0.25,0,0,0,0,
data\raw\train\IHC\00577_train_2+.png,375693.1875,0.3582889437675476,0,0.2,2,0,0,0,
data\raw\train\IHC\00578_train_2+.png,23252.71875,0.022175520658493042,0,0.2,2,0,1,0,
data\raw\train\IHC\00579_train_2+.png,116782.96875,0.7041311264038086,0,0.2,2,0,0,0,
data\raw\train\IHC\00580_train_1+.png,60349.9140625,0.757146954536438,0,0.2,2,0,0,0,
data\raw\train\IHC\00581_train_2+.png,14054.3388671875,0.11448537558317184,0,0.2,2,0,0,0,
data\raw\train\IHC\00582_train_1+.png,191687.703125,0.740856409072876,0,0.2,2,0,0,0,
data\raw\train\IHC\00583_train_2+.png,125498.2890625,0.8764642477035522,0,0.2,2,0,0,0,
data\raw\train\IHC\00586_train_3+.png,167784.53125,0.161556214094162,1,0.25,0,0,0,0,
data\raw\train\IHC\00587_train_1+.png,129004.625,0.4917740523815155,0,0.2,2,0,0,0,
data\raw\train\IHC\00588_train_3+.png,1930042.25,1.8469640016555786,1,0.25,0,0,0,0,
data\raw\train\IHC\00589_train_1+.png,147394.65625,0.9418249130249023,0,0.2,2,0,0,0,
data\raw\train\IHC\00590_train_2+.png,1578.9765625,0.001505829393863678,0,0.2,2,0,1,0,
data\raw\train\IHC\00591_train_0.png,93634.8984375,0.12666082382202148,0,0.2,2,0,0,0,
data\raw\train\IHC\00592_train_1+.png,1241987.5,1.3663439750671387,0,0.2,2,0,0,0,
data\raw\train\IHC\00593_train_2+.png,233343.34375,0.22253355383872986,0,0.2,2,0,0,0,
data\raw\train\IHC\00594_train_2+.png,0.02182808145880699,2.0816880663687698e-08,0,0.2,2,1,1,1,
data\raw\train\IHC\00595_train_1+.png,1448902.375,1.381780982017517,0,0.2,2,0,0,0,
data\raw\train\IHC\00596_train_0.png,21622.146484375,0.9129431843757629,0,0.2,2,0,0,0,
data\raw\train\IHC\00597_train_3+.png,93051.5,0.20393016934394836,1,0.25,0,0,0,0,
data\raw\train\IHC\00598_train_3+.png,1214213.0,1.1587063074111938,1,0.25,0,0,0,0,
data\raw\train\IHC\00599_train_2+.png,35845.60546875,0.22904247045516968,0,0.2,2,0,0,0,
data\raw\train\IHC\00600_train_1+.png,188598.828125,1.2585588693618774,0,0.2,2,0,0,0,
data\raw\train\IHC\00601_train_0.png,474181.90625,0.7556695938110352,0,0.2,2,0,0,0,
data\raw\train\IHC\00602_train_2+.png,83976.46875,0.813780665397644,0,0.2,2,0,0,0,
data\raw\train\IHC\00603_train_1+.png,493899.625,0.8967292308807373,0,0.2,2,0,0,0,
data\raw\train\IHC\00604_train_2+.png,523396.0,0.4991493225097656,0,0.2,2,0,0,0,
data\raw\train\IHC\00607_train_1+.png,1088554.375,1.2019538879394531,0,0.2,2,0,0,0,
data\raw\train\IHC\00608_train_2+.png,790.9369506835938,0.0007542962557636201,0,0.2,2,0,1,0,
data\raw\train\IHC\00609_train_0.png,6127.25927734375,0.07382863014936447,0,0.2,2,0,0,0,
data\raw\train\IHC\00610_train_3+.png,913092.5,1.0252047777175903,1,0.25,0,0,0,0,
data\raw\train\IHC\00612_train_3+.png,369882.46875,0.3527474105358124,1,0.25,0,0,0,0,
data\raw\train\IHC\00613_train_3+.png,14620.150390625,0.014085249044001102,1,0.25,0,0,1,0,
data\raw\train\IHC\00615_train_3+.png,1465.765625,0.003990541212260723,1,0.25,0,0,1,0,
data\raw\train\IHC\00616_train_1+.png,868209.5,0.8279891014099121,0,0.2,2,0,0,0,
data\raw\train\IHC\00617_train_2+.png,18054.3359375,0.022842660546302795,0,0.2,2,0,1,0,
data\raw\train\IHC\00619_train_2+.png,69647.1796875,0.06642072647809982,0,0.2,2,0,0,0,
data\raw\train\IHC\00620_train_2+.png,6165.80615234375,0.005880170967429876,0,0.2,2,0,1,0,
data\raw\train\IHC\00621_train_3+.png,262.828125,0.001629941863939166,1,0.25,0,1,1,1,
data\raw\train\IHC\00622_train_2+.png,9937.5634765625,0.0900925025343895,0,0.2,2,0,0,0,
data\raw\train\IHC\00623_train_2+.png,8729.669921875,0.021319594234228134,0,0.2,2,0,1,0,
data\raw\train\IHC\00624_train_2+.png,121194.9296875,0.1155804917216301,0,0.2,2,0,0,0,
data\raw\train\IHC\00625_train_3+.png,26612.421875,0.05719976872205734,1,0.25,0,0,0,0,
data\raw\train\IHC\00628_train_2+.png,3568.515625,0.003403201699256897,0,0.2,2,0,1,0,
data\raw\train\IHC\00630_train_3+.png,10701.6328125,0.03933310508728027,1,0.25,0,0,1,0,
data\raw\train\IHC\00631_train_2+.png,113233.7265625,0.15666677057743073,0,0.2,2,0,0,0,
data\raw\train\IHC\00633_train_1+.png,93030.6171875,0.6026235818862915,0,0.2,2,0,0,0,
data\raw\train\IHC\00634_train_3+.png,2521.6748046875,0.00241730990819633,1,0.25,0,0,1,0,
data\raw\train\IHC\00635_train_1+.png,38952.9375,0.07073439657688141,0,0.2,2,0,0,0,
data\raw\train\IHC\00636_train_1+.png,384.1852111816406,0.0003663875686470419,0,0.2,2,1,1,1,
data\raw\train\IHC\00637_train_0.png,840778.5625,0.8755592703819275,0,0.2,2,0,0,0,
data\raw\train\IHC\00638_train_2+.png,575.6104125976562,0.0005489448667503893,0,0.2,2,0,1,0,
data\raw\train\IHC\00639_train_2+.png,1121191.875,1.0692518949508667,0,0.2,2,0,0,0,
data\raw\train\IHC\00640_train_1+.png,20.210535049438477,1.9274268197477795e-05,0,0.2,2,1,1,1,
data\raw\train\IHC\00641_train_2+.png,3538.7685546875,0.003374832682311535,0,0.2,2,0,1,0,
data\raw\train\IHC\00642_train_3+.png,166235.375,0.1585351675748825,1,0.25,0,0,0,0,
data\raw\train\IHC\00643_train_3+.png,7942.69140625,0.7327882051467896,1,0.25,0,0,0,0,
data\raw\train\IHC\00645_train_2+.png,28954.533203125,0.1699010282754898,0,0.2,2,0,0,0,
data\raw\train\IHC\00646_train_1+.png,417517.65625,0.6072613000869751,0,0.2,2,0,0,0,
data\raw\train\IHC\00647_train_2+.png,4740.09375,0.004520505666732788,0,0.2,2,0,1,0,
data\raw\train\IHC\00648_train_2+.png,5029.95361328125,0.037700995802879333,0,0.2,2,0,1,0,
data\raw\train\IHC\00649_train_2+.png,485307.90625,0.6869174838066101,0,0.2,2,0,0,0,
data\raw\train\IHC\00650_train_2+.png,591236.8125,0.5638473629951477,0,0.2,2,0,0,0,
data\raw\train\IHC\00651_train_2+.png,238879.34375,1.6089401245117188,0,0.2,2,0,0,0,
data\raw\train\IHC\00652_train_3+.png,10453.28125,1.9745525121688843,1,0.25,0,0,0,0,
data\raw\train\IHC\00655_train_2+.png,10580.86328125,1.0361205339431763,0,0.2,2,0,0,0,
data\raw\train\IHC\00656_train_2+.png,42156.2265625,0.040203310549259186,0,0.2,2,0,1,0,
data\raw\train\IHC\00657_train_1+.png,3.9713525772094727,3.787376954278443e-06,0,0.2,2,1,1,1,
data\raw\train\IHC\00658_train_1+.png,113632.40625,0.8227555155754089,0,0.2,2,0,0,0,
data\raw\train\IHC\00659_train_1+.png,164643.78125,0.9483979344367981,0,0.2,2,0,0,0,
data\raw\train\IHC\00660_train_1+.png,15104.712890625,0.12759514153003693,0,0.2,2,0,0,0,
data\raw\train\IHC\00661_train_3+.png,42572.6171875,0.040724772959947586,1,0.25,0,0,1,0,
data\raw\train\IHC\00663_train_2+.png,177540.515625,0.6971011757850647,0,0.2,2,0,0,0,
data\raw\train\IHC\00664_train_2+.png,219057.21875,0.27028951048851013,0,0.2,2,0,0,0,
data\raw\train\IHC\00665_train_2+.png,111369.4921875,0.6830556392669678,0,0.2,2,0,0,0,
data\raw\train\IHC\00666_train_1+.png,1.0697200298309326,1.020164518195088e-06,0,0.2,2,1,1,1,
data\raw\train\IHC\00667_train_2+.png,152112.453125,0.9088882803916931,0,0.2,2,0,0,0,
data\raw\train\IHC\00669_train_2+.png,3089632.25,2.946502923965454,0,0.2,2,0,0,0,
data\raw\train\IHC\00670_train_1+.png,152423.921875,1.5357882976531982,0,0.2,2,0,0,0,
data\raw\train\IHC\00671_train_2+.png,331872.3125,1.0938981771469116,0,0.2,2,0,0,0,
data\raw\train\IHC\00672_train_3+.png,0.02527422457933426,2.4126640241206587e-08,1,0.25,0,1,1,1,
data\raw\train\IHC\00674_train_2+.png,17806.1875,0.016981303691864014,0,0.2,2,0,1,0,
data\raw\train\IHC\00676_train_2+.png,3842.646484375,0.003664633259177208,0,0.2,2,0,1,0,
data\raw\train\IHC\00677_train_1+.png,2521747.0,2.4049253463745117,0,0.2,2,0,0,0,
data\raw\train\IHC\00678_train_3+.png,204854.578125,0.8200284242630005,1,0.25,0,0,0,0,
data\raw\train\IHC\00679_train_3+.png,473336.84375,0.537708044052124,1,0.25,0,0,0,0,
data\raw\train\IHC\00681_train_1+.png,1132170.625,1.0797220468521118,0,0.2,2,0,0,0,
data\raw\train\IHC\00682_train_3+.png,483822.5625,0.46141180396080017,1,0.25,0,0,0,0,
data\raw\train\IHC\00683_train_2+.png,0.08977504819631577,8.561615771895958e-08,0,0.2,2,1,1,1,
data\raw\train\IHC\00684_train_1+.png,193128.6875,0.7115203738212585,0,0.2,2,0,0,0,
data\raw\train\IHC\00685_train_2+.png,26993.578125,0.4815638065338135,0,0.2,2,0,0,0,
data\raw\train\IHC\00687_train_3+.png,228313.0,0.2516103684902191,1,0.25,0,0,0,0,
data\raw\train\IHC\00690_train_1+.png,658287.75,0.6277921199798584,0,0.2,2,0,0,0,
data\raw\train\IHC\00691_train_2+.png,209421.28125,0.19971969723701477,0,0.2,2,0,0,0,
data\raw\train\IHC\00692_train_2+.png,448381.875,0.42761027812957764,0,0.2,2,0,0,0,
data\raw\train\IHC\00693_train_3+.png,135497.140625,0.12922975420951843,1,0.25,0,0,0,0,
data\raw\train\IHC\00694_train_1+.png,136228.375,0.3166297674179077,0,0.2,2,0,0,0,
data\raw\train\IHC\00695_train_2+.png,294679.40625,0.2810281813144684,0,0.2,2,0,0,0,
data\raw\train\IHC\00696_train_2+.png,253757.96875,1.5002480745315552,0,0.2,2,0,0,0,
data\raw\train\IHC\00697_train_2+.png,41640.82421875,0.30384561419487,0,0.2,2,0,0,0,
data\raw\train\IHC\00698_train_3+.png,327612.4375,2.114802122116089,1,0.25,0,0,0,0,
data\raw\train\IHC\00699_train_1+.png,170178.171875,0.6913483738899231,0,0.2,2,0,0,0,
data\raw\train\IHC\00700_train_1+.png,59310.1171875,0.05656253546476364,0,0.2,2,0,0,0,
data\raw\train\IHC\00701_train_2+.png,136884.765625,0.5175012350082397,0,0.2,2,0,0,0,
data\raw\train\IHC\00702_train_2+.png,881043.1875,0.840228259563446,0,0.2,2,0,0,0,
data\raw\train\IHC\00703_train_2+.png,145760.21875,0.753839910030365,0,0.2,2,0,0,0,
data\raw\train\IHC\00704_train_2+.png,24092.416015625,0.02297631837427616,0,0.2,2,0,1,0,
data\raw\train\IHC\00705_train_3+.png,285496.40625,0.2728722393512726,1,0.25,0,0,0,0,
data\raw\train\IHC\00706_train_1+.png,625932.6875,0.5969359278678894,0,0.2,2,0,0,0,
data\raw\train\IHC\00707_train_0.png,329095.8125,1.0384584665298462,0,0.2,2,0,0,0,
data\raw\train\IHC\00708_train_2+.png,410982.125,0.6314020752906799,0,0.2,2,0,0,0,
data\raw\train\IHC\00709_train_2+.png,106927.375,0.10197389125823975,0,0.2,2,0,0,0,
data\raw\train\IHC\00710_train_3+.png,483755.25,0.5558283925056458,1,0.25,0,0,0,0,
data\raw\train\IHC\00711_train_0.png,25602.30859375,1.144697666168213,0,0.2,2,0,0,0,
data\raw\train\IHC\00712_train_3+.png,709385.0625,0.6766262054443359,1,0.25,0,0,0,0,
data\raw\train\IHC\00713_train_2+.png,532002.25,0.8108468055725098,0,0.2,2,0,0,0,
data\raw\train\IHC\00714_train_3+.png,45759.83984375,0.1416875571012497,1,0.25,0,0,0,0,
data\raw\train\IHC\00715_train_3+.png,924934.1875,0.8821684122085571,1,0.25,0,0,0,0,
data\raw\train\IHC\00716_train_3+.png,6149.31591796875,0.5282463431358337,1,0.25,0,0,0,0,
data\raw\train\IHC\00717_train_2+.png,175179.046875,0.2110336720943451,0,0.2,2,0,0,0,
data\raw\train\IHC\00718_train_2+.png,0.6279151439666748,5.988265456835506e-07,0,0.2,2,1,1,1,
data\raw\train\IHC\00719_train_2+.png,29957.611328125,1.3673031330108643,0,0.2,2,0,0,0,
data\raw\train\IHC\00720_train_2+.png,78093.34375,0.43019524216651917,0,0.2,2,0,0,0,
data\raw\train\IHC\00721_train_3+.png,6173.09375,0.02740381844341755,1,0.25,0,0,1,0,
data\raw\train\IHC\00723_train_2+.png,35539.73046875,0.03389332816004753,0,0.2,2,0,1,0,
data\raw\train\IHC\00724_train_2+.png,884.5868530273438,0.000843607762362808,0,0.2,2,0,1,0,
data\raw\train\IHC\00725_train_2+.png,44485.8984375,0.21454289555549622,0,0.2,2,0,0,0,
data\raw\train\IHC\00726_train_3+.png,1028136.25,0.9899547100067139,1,0.25,0,0,0,0,
data\raw\train\IHC\00730_train_2+.png,91318.6875,0.7244812250137329,0,0.2,2,0,0,0,
data\raw\train\IHC\00731_train_2+.png,568200.6875,0.5418784022331238,0,0.2,2,0,0,0,
data\raw\train\IHC\00732_train_1+.png,170533.359375,0.5893141031265259,0,0.2,2,0,0,0,
data\raw\train\IHC\00733_train_2+.png,2094.228515625,0.03763078525662422,0,0.2,2,0,1,0,
data\raw\train\IHC\00736_train_3+.png,2211.8671875,0.004537610337138176,1,0.25,0,0,1,0,
data\raw\train\IHC\00737_train_3+.png,461355.46875,0.4400978684425354,1,0.25,0,0,0,0,
data\raw\train\IHC\00738_train_2+.png,1751.345458984375,0.001670213183388114,0,0.2,2,0,1,0,
data\raw\train\IHC\00739_train_0.png,736313.8125,1.870383381843567,0,0.2,2,0,0,0,
data\raw\train\IHC\00740_train_1+.png,202985.28125,0.4562697410583496,0,0.2,2,0,0,0,
data\raw\train\IHC\00741_train_3+.png,23364.8046875,0.022302748635411263,1,0.25,0,0,1,0,
data\raw\train\IHC\00742_train_3+.png,486674.375,0.540456235408783,1,0.25,0,0,0,0,
data\raw\train\IHC\00743_train_2+.png,224460.375,0.21406209468841553,0,0.2,2,0,0,0,
data\raw\train\IHC\00744_train_3+.png,106641.953125,0.10377395153045654,1,0.25,0,0,0,0,
data\raw\train\IHC\00745_train_3+.png,364112.34375,0.8679012656211853,1,0.25,0,0,0,0,
data\raw\train\IHC\00747_train_2+.png,1325838.875,1.2644184827804565,0,0.2,2,0,0,0,
data\raw\train\IHC\00748_train_2+.png,9245.21875,0.008816927671432495,0,0.2,2,0,1,0,
data\raw\train\IHC\00749_train_2+.png,813245.9375,0.7755717635154724,0,0.2,2,0,0,0,
data\raw\train\IHC\00750_train_1+.png,51278.1953125,0.616154134273529,0,0.2,2,0,0,0,
data\raw\train\IHC\00751_train_2+.png,307.93218994140625,0.00029366702074185014,0,0.2,2,1,1,1,
data\raw\train\IHC\00752_train_3+.png,132847.71875,0.12669381499290466,1,0.25,0,0,0,0,
data\raw\train\IHC\00753_train_2+.png,50131.1875,0.13085222244262695,0,0.2,2,0,0,0,
data\raw\train\IHC\00755_train_2+.png,618702.0,0.7489042282104492,0,0.2,2,0,0,0,
data\raw\train\IHC\00756_train_2+.png,1084.934326171875,0.0010346740018576384,0,0.2,2,0,1,0,
data\raw\train\IHC\00757_train_1+.png,1.602793574333191,1.528543066342536e-06,0,0.2,2,1,1,1,
data\raw\train\IHC\00758_train_3+.png,291392.8125,0.7352666854858398,1,0.25,0,0,0,0,
data\raw\train\IHC\00759_train_2+.png,65323.8125,0.2826365828514099,0,0.2,2,0,0,0,
data\raw\train\IHC\00760_train_2+.png,89168.1640625,0.450619637966156,0,0.2,2,0,0,0,
data\raw\train\IHC\00761_train_1+.png,13378.6318359375,0.012758857570588589,0,0.2,2,0,1,0,
data\raw\train\IHC\00762_train_1+.png,35832.1953125,1.3347312211990356,0,0.2,2,0,0,0,
data\raw\train\IHC\00763_train_2+.png,2353.457275390625,0.00224443175829947,0,0.2,2,0,1,0,
data\raw\train\IHC\00764_train_2+.png,57354.26953125,0.054697293788194656,0,0.2,2,0,0,0,
data\raw\train\IHC\00765_train_2+.png,54491.140625,0.92209392786026,0,0.2,2,0,0,0,
data\raw\train\IHC\00766_train_2+.png,1167.2108154296875,0.0011131389765068889,0,0.2,2,0,1,0,
data\raw\train\IHC\00767_train_2+.png,316342.5,0.30168771743774414,0,0.2,2,0,0,0,
data\raw\train\IHC\00768_train_2+.png,13756.0986328125,0.01954488269984722,0,0.2,2,0,1,0,
data\raw\train\IHC\00769_train_3+.png,298613.5625,1.133718729019165,1,0.25,0,0,0,0,
data\raw\train\IHC\00770_train_2+.png,92403.0625,0.5367465615272522,0,0.2,2,0,0,0,
data\raw\train\IHC\00771_train_3+.png,724055.0625,0.6905232667922974,1,0.25,0,0,0,0,
data\raw\train\IHC\00772_train_2+.png,108524.828125,0.2287777215242386,0,0.2,2,0,0,0,
data\raw\train\IHC\00773_train_2+.png,1461.6793212890625,0.0013939660275354981,0,0.2,2,0,1,0,
data\raw\train\IHC\00774_train_2+.png,81838.0078125,0.1203029528260231,0,0.2,2,0,0,0,
data\raw\train\IHC\00775_train_3+.png,10587.779296875,0.010105378925800323,1,0.25,0,0,1,0,
data\raw\train\IHC\00776_train_3+.png,1134772.75,1.0826311111450195,1,0.25,0,0,0,0,
data\raw\train\IHC\00777_train_3+.png,7181.8466796875,0.006852017715573311,1,0.25,0,0,1,0,
data\raw\train\IHC\00778_train_3+.png,52944.42578125,0.11815842241048813,1,0.25,0,0,0,0,
data\raw\train\IHC\00779_train_1+.png,27123.52734375,0.8291360139846802,0,0.2,2,0,0,0,
data\raw\train\IHC\00780_train_0.png,611008.25,1.3832948207855225,0,0.2,2,0,0,0,
data\raw\train\IHC\00781_train_3+.png,10997.1162109375,1.1363004446029663,1,0.25,0,0,0,0,
data\raw\train\IHC\00782_train_3+.png,70.04302215576172,6.679848593194038e-05,1,0.25,0,1,1,1,
data\raw\train\IHC\00783_train_2+.png,1893.4849853515625,0.0018057679990306497,0,0.2,2,0,1,0,
data\raw\train\IHC\00784_train_1+.png,339205.28125,0.3234913647174835,0,0.2,2,0,0,0,
data\raw\train\IHC\00785_train_2+.png,8034.3837890625,0.015280216932296753,0,0.2,2,0,1,0,
data\raw\train\IHC\00786_train_3+.png,2651.470703125,0.004210494924336672,1,0.25,0,0,1,0,
data\raw\train\IHC\00787_train_3+.png,182652.109375,0.17419078946113586,1,0.25,0,0,0,0,
data\raw\train\IHC\00789_train_2+.png,42462.9140625,0.8773691654205322,0,0.2,2,0,0,0,
data\raw\train\IHC\00790_train_0.png,21055.642578125,0.777793288230896,0,0.2,2,0,0,0,
data\raw\train\IHC\00791_train_2+.png,290.6465148925781,0.0002771821164060384,0,0.2,2,1,1,1,
data\raw\train\IHC\00792_train_2+.png,18874.576171875,0.018000198528170586,0,0.2,2,0,1,0,
data\raw\train\IHC\00793_train_2+.png,0.028804143890738487,2.746977223466729e-08,0,0.2,2,1,1,1,
data\raw\train\IHC\00794_train_2+.png,81639.140625,0.07785715162754059,0,0.2,2,0,0,0,
data\raw\train\IHC\00795_train_2+.png,88769.1484375,0.812063992023468,0,0.2,2,0,0,0,
data\raw\train\IHC\00796_train_2+.png,1252.064453125,0.0011940617114305496,0,0.2,2,0,1,0,
data\raw\train\IHC\00797_train_1+.png,60317.34375,1.0444018840789795,0,0.2,2,0,0,0,
data\raw\train\IHC\00798_train_1+.png,1451.74462890625,0.001384491566568613,0,0.2,2,0,1,0,
data\raw\train\IHC\00799_train_2+.png,409534.84375,0.39056286215782166,0,0.2,2,0,0,0,
data\raw\train\IHC\00800_train_2+.png,882.9595947265625,0.000842055887915194,0,0.2,2,0,1,0,
data\raw\train\IHC\00801_train_2+.png,53266.78515625,0.4348948001861572,0,0.2,2,0,0,0,
data\raw\train\IHC\00802_train_3+.png,17008.220703125,0.01622740738093853,1,0.25,0,0,1,0,
data\raw\train\IHC\00803_train_2+.png,73418.3359375,0.4460057020187378,0,0.2,2,0,0,0,
data\raw\train\IHC\00804_train_1+.png,14108.9404296875,0.12733930349349976,0,0.2,2,0,0,0,
data\raw\train\IHC\00805_train_2+.png,44507.10546875,0.2717742323875427,0,0.2,2,0,0,0,
data\raw\train\IHC\00806_train_3+.png,3627.1513671875,0.003461815183982253,1,0.25,0,0,1,0,
data\raw\train\IHC\00807_train_1+.png,157211.84375,0.31107959151268005,0,0.2,2,0,0,0,
data\raw\train\IHC\00808_train_1+.png,526578.9375,0.5021848082542419,0,0.2,2,0,0,0,
data\raw\train\IHC\00809_train_3+.png,48387.421875,0.046146415174007416,1,0.25,0,0,1,0,
data\raw\train\IHC\00810_train_1+.png,3.721144437789917,3.5487598779582186e-06,0,0.2,2,1,1,1,
data\raw\train\IHC\00811_train_1+.png,23457.166015625,0.30547958612442017,0,0.2,2,0,0,0,
data\raw\train\IHC\00812_train_2+.png,5329.41845703125,0.01642565429210663,0,0.2,2,0,1,0,
data\raw\train\IHC\00813_train_2+.png,22545.654296875,0.15799447894096375,0,0.2,2,0,0,0,
data\raw\train\IHC\00814_train_3+.png,71675.8203125,0.0684448778629303,1,0.25,0,0,0,0,
data\raw\train\IHC\00815_train_1+.png,61040.78125,0.692590594291687,0,0.2,2,0,0,0,
data\raw\train\IHC\00816_train_2+.png,29743.697265625,0.048246219754219055,0,0.2,2,0,1,0,
data\raw\train\IHC\00817_train_3+.png,637105.3125,0.6080154180526733,1,0.25,0,0,0,0,
data\raw\train\IHC\00818_train_2+.png,389368.5625,0.37133079767227173,0,0.2,2,0,0,0,
data\raw\train\IHC\00819_train_2+.png,6.923734664916992,6.602987923542969e-06,0,0.2,2,1,1,1,
data\raw\train\IHC\00820_train_0.png,279915.0,0.5620907545089722,0,0.2,2,0,0,0,
data\raw\train\IHC\00821_train_3+.png,733.5507202148438,0.0006996592273935676,1,0.25,0,0,1,0,
data\raw\train\IHC\00822_train_3+.png,398180.15625,2.6530840396881104,1,0.25,0,0,0,0,
data\raw\train\IHC\00823_train_3+.png,153480.21875,1.3355861902236938,1,0.25,0,0,0,0,
data\raw\train\IHC\00824_train_1+.png,750.2568359375,0.0007155006751418114,0,0.2,2,0,1,0,
data\raw\train\IHC\00826_train_1+.png,45771.07421875,0.7400694489479065,0,0.2,2,0,0,0,
data\raw\train\IHC\00827_train_3+.png,34737.35546875,0.4528990387916565,1,0.25,0,0,0,0,
data\raw\train\IHC\00828_train_2+.png,95894.0859375,0.7167775630950928,0,0.2,2,0,0,0,
data\raw\train\IHC\00829_train_3+.png,7363.67138671875,0.007077248301357031,1,0.25,0,0,1,0,
data\raw\train\IHC\00830_train_2+.png,142734.5,0.8165916204452515,0,0.2,2,0,0,0,
data\raw\train\IHC\00831_train_2+.png,417929.65625,0.6842477917671204,0,0.2,2,0,0,0,
data\raw\train\IHC\00833_train_1+.png,99.41921997070312,9.48135566432029e-05,0,0.2,2,1,1,1,
data\raw\train\IHC\00834_train_3+.png,67334.640625,0.06425134837627411,1,0.25,0,0,0,0,
data\raw\train\IHC\00835_train_3+.png,26599.6015625,0.9157435297966003,1,0.25,0,0,0,0,
data\raw\train\IHC\00836_train_1+.png,74667.734375,0.4078599512577057,0,0.2,2,0,0,0,
data\raw\train\IHC\00837_train_2+.png,1115005.625,1.0633522272109985,0,0.2,2,0,0,0,
data\raw\train\IHC\00838_train_0.png,181865.0,0.20465105772018433,0,0.2,2,0,0,0,
data\raw\train\IHC\00839_train_2+.png,25756.357421875,0.06943762302398682,0,0.2,2,0,0,0,
data\raw\train\IHC\00841_train_3+.png,60990.00390625,1.892512559890747,1,0.25,0,0,0,0,
data\raw\train\IHC\00843_train_3+.png,34821.3125,0.070856973528862,1,0.25,0,0,0,0,
data\raw\train\IHC\00844_train_2+.png,17162.91796875,0.10813058167695999,0,0.2,2,0,0,0,
data\raw\train\IHC\00845_train_2+.png,810895.0625,0.7733297944068909,0,0.2,2,0,0,0,
data\raw\train\IHC\00846_train_1+.png,39502.57421875,0.42174768447875977,0,0.2,2,0,0,0,
data\raw\train\IHC\00848_train_2+.png,38289.0546875,0.048400621861219406,0,0.2,2,0,1,0,
data\raw\train\IHC\00849_train_2+.png,151494.578125,0.18735185265541077,0,0.2,2,0,0,0,
data\raw\train\IHC\00850_train_3+.png,33214.73046875,0.03167612478137016,1,0.25,0,0,1,0,
data\raw\train\IHC\00851_train_3+.png,203611.765625,0.194865420460701,1,0.25,0,0,0,0,
data\raw\train\IHC\00852_train_1+.png,62941.16796875,0.060025375336408615,0,0.2,2,0,0,0,
data\raw\train\IHC\00854_train_3+.png,109536.9453125,0.32391855120658875,1,0.25,0,0,0,0,
data\raw\train\IHC\00855_train_2+.png,0.6086048483848572,5.804108127449581e-07,0,0.2,2,1,1,1,
data\raw\train\IHC\00856_train_2+.png,39394.953125,0.1612406224012375,0,0.2,2,0,0,0,
data\raw\train\IHC\00857_train_3+.png,58343.84765625,0.055779337882995605,1,0.25,0,0,0,0,
data\raw\train\IHC\00858_train_1+.png,155311.953125,0.3307965397834778,0,0.2,2,0,0,0,
data\raw\train\IHC\00859_train_1+.png,202344.359375,0.825386643409729,0,0.2,2,0,0,0,
data\raw\train\IHC\00860_train_1+.png,10527.0380859375,0.19974267482757568,0,0.2,2,0,0,0,
data\raw\train\IHC\00861_train_3+.png,99807.109375,0.1307322084903717,1,0.25,0,0,0,0,
data\raw\train\IHC\00862_train_3+.png,136480.171875,0.13018979132175446,1,0.25,0,0,0,0,
data\raw\train\IHC\00865_train_2+.png,27616.416015625,1.0036128759384155,0,0.2,2,0,0,0,
data\raw\train\IHC\00866_train_2+.png,68226.1640625,0.3125511407852173,0,0.2,2,0,0,0,
data\raw\train\IHC\00867_train_2+.png,35566.25,0.03391861915588379,0,0.2,2,0,1,0,
data\raw\train\IHC\00869_train_1+.png,847472.125,0.808212399482727,0,0.2,2,0,0,0,
data\raw\train\IHC\00870_train_3+.png,1106418.0,1.0563380718231201,1,0.25,0,0,0,0,
data\raw\train\IHC\00871_train_2+.png,30068.48828125,0.7545228004455566,0,0.2,2,0,0,0,
data\raw\train\IHC\00874_train_2+.png,22226.5859375,0.8322381973266602,0,0.2,2,0,0,0,
data\raw\train\IHC\00875_train_3+.png,2.8237877813808154e-06,2.6944282308788425e-12,1,0.25,0,1,1,1,
data\raw\train\IHC\00876_train_2+.png,17756.96484375,0.016934361308813095,0,0.2,2,0,1,0,
data\raw\train\IHC\00877_train_3+.png,8925.7626953125,0.027366293594241142,1,0.25,0,0,1,0,
data\raw\train\IHC\00878_train_2+.png,1646060.5,1.56980562210083,0,0.2,2,0,0,0,
data\raw\train\IHC\00879_train_1+.png,55397.72265625,1.413243293762207,0,0.2,2,0,0,0,
data\raw\train\IHC\00880_train_3+.png,7121.33251953125,0.010658538900315762,1,0.25,0,0,1,0,
data\raw\train\IHC\00882_train_1+.png,4.766610800288618e-06,4.545794296539896e-12,0,0.2,2,1,1,1,
data\raw\train\IHC\00883_train_1+.png,126178.34375,0.6204221248626709,0,0.2,2,0,0,0,
data\raw\train\IHC\00884_train_0.png,234649.4375,0.3529980182647705,0,0.2,2,0,0,0,
data\raw\train\IHC\00885_train_1+.png,123659.9765625,0.9331560730934143,0,0.2,2,0,0,0,
data\raw\train\IHC\00886_train_1+.png,36408.76171875,0.08089829236268997,0,0.2,2,0,0,0,
data\raw\train\IHC\00887_train_3+.png,190789.1875,0.3181108236312866,1,0.25,0,0,0,0,
data\raw\train\IHC\00888_train_1+.png,264811.0,0.2618613839149475,0,0.2,2,0,0,0,
data\raw\train\IHC\00889_train_1+.png,544327.5625,0.5191112160682678,0,0.2,2,0,0,0,
data\raw\train\IHC\00890_train_3+.png,418828.5,0.47288599610328674,1,0.25,0,0,0,0,
data\raw\train\IHC\00892_train_2+.png,711693.375,0.6787236928939819,0,0.2,2,0,0,0,
data\raw\train\IHC\00894_train_3+.png,787689.0,0.754703938961029,1,0.25,0,0,0,0,
data\raw\train\IHC\00895_train_2+.png,1.5496622323989868,1.477873070143687e-06,0,0.2,2,1,1,1,
data\raw\train\IHC\00896_train_2+.png,287.80450439453125,0.00027447176398709416,0,0.2,2,1,1,1,
data\raw\train\IHC\00897_train_2+.png,944049.5,0.9003157615661621,0,0.2,2,0,0,0,
data\raw\train\IHC\00898_train_2+.png,5953.2099609375,0.10133813321590424,0,0.2,2,0,0,0,
data\raw\train\IHC\00899_train_2+.png,147629.171875,0.7498091459274292,0,0.2,2,0,0,0,
data\raw\train\IHC\00902_train_1+.png,159157.203125,0.15178413689136505,0,0.2,2,0,0,0,
data\raw\train\IHC\00904_train_2+.png,5047.0185546875,0.0048132119700312614,0,0.2,2,0,1,0,
data\raw\train\IHC\00905_train_2+.png,797828.375,0.7608684301376343,0,0.2,2,0,0,0,
data\raw\train\IHC\00906_train_3+.png,989477.25,0.9459484815597534,1,0.25,0,0,0,0,
data\raw\train\IHC\00907_train_1+.png,36189.0,0.0926651880145073,0,0.2,2,0,0,0,
data\raw\train\IHC\00909_train_2+.png,13606.330078125,0.46895739436149597,0,0.2,2,0,0,0,
data\raw\train\IHC\00910_train_3+.png,454137.875,0.433099627494812,1,0.25,0,0,0,0,
data\raw\train\IHC\00911_train_2+.png,86744.171875,0.640618085861206,0,0.2,2,0,0,0,
data\raw\train\IHC\00913_train_2+.png,363582.59375,0.49809861183166504,0,0.2,2,0,0,0,
data\raw\train\IHC\00914_train_2+.png,77612.421875,0.16179198026657104,0,0.2,2,0,0,0,
data\raw\train\IHC\00915_train_2+.png,8441.677734375,0.01181318424642086,0,0.2,2,0,1,0,
data\raw\train\IHC\00916_train_2+.png,11511.404296875,0.1529063880443573,0,0.2,2,0,0,0,
data\raw\train\IHC\00918_train_3+.png,297558.78125,0.6950716376304626,1,0.25,0,0,0,0,
data\raw\train\IHC\00919_train_1+.png,3591.984619140625,0.0034255834762007,0,0.2,2,0,1,0,
data\raw\train\IHC\00920_train_1+.png,127162.3046875,1.3367775678634644,0,0.2,2,0,0,0,
data\raw\train\IHC\00921_train_2+.png,40.47075271606445,3.859591743093915e-05,0,0.2,2,1,1,1,
data\raw\train\IHC\00922_train_3+.png,39733.30859375,0.09182221442461014,1,0.25,0,0,0,0,
data\raw\train\IHC\00923_train_3+.png,48495.9921875,0.04628138244152069,1,0.25,0,0,1,0,
data\raw\train\IHC\00924_train_1+.png,711170.6875,0.6782252192497253,0,0.2,2,0,0,0,
data\raw\train\IHC\00925_train_3+.png,1074.552001953125,0.019871512427926064,1,0.25,0,0,1,0,
data\raw\train\IHC\00926_train_3+.png,13528.142578125,0.012908521108329296,1,0.25,0,0,1,0,
data\raw\train\IHC\00927_train_3+.png,638413.1875,0.6107586622238159,1,0.25,0,0,0,0,
data\raw\train\IHC\00928_train_2+.png,13967.3251953125,0.3914938271045685,0,0.2,2,0,0,0,
data\raw\train\IHC\00929_train_2+.png,9.423874855041504,8.987307410279755e-06,0,0.2,2,1,1,1,
data\raw\train\IHC\00930_train_2+.png,825055.5,0.7868342399597168,0,0.2,2,0,0,0,
data\raw\train\IHC\00931_train_1+.png,3728.919677734375,0.007072474341839552,0,0.2,2,0,1,0,
data\raw\train\IHC\00933_train_3+.png,167.62591552734375,0.00016141560627147555,1,0.25,0,1,1,1,
data\raw\train\IHC\00934_train_1+.png,139221.96875,0.20094069838523865,0,0.2,2,0,0,0,
data\raw\train\IHC\00935_train_2+.png,172945.765625,0.1649339348077774,0,0.2,2,0,0,0,
data\raw\train\IHC\00937_train_2+.png,39087.11328125,0.03727637603878975,0,0.2,2,0,1,0,
data\raw\train\IHC\00938_train_2+.png,172898.890625,0.16488923132419586,0,0.2,2,0,0,0,
data\raw\train\IHC\00939_train_1+.png,232333.15625,0.7775046229362488,0,0.2,2,0,0,0,
data\raw\train\IHC\00940_train_1+.png,146329.890625,0.7750400900840759,0,0.2,2,0,0,0,
data\raw\train\IHC\00941_train_2+.png,251569.03125,0.4800349473953247,0,0.2,2,0,0,0,
data\raw\train\IHC\00943_train_3+.png,444103.5,0.5133877396583557,1,0.25,0,0,0,0,
data\raw\train\IHC\00945_train_1+.png,82638.0546875,0.12971092760562897,0,0.2,2,0,0,0,
data\raw\train\IHC\00946_train_2+.png,78109.9609375,0.2676144242286682,0,0.2,2,0,0,0,
data\raw\train\IHC\00947_train_1+.png,13816.4921875,1.0850932598114014,0,0.2,2,0,0,0,
data\raw\train\IHC\00948_train_1+.png,8254.166015625,0.13751213252544403,0,0.2,2,0,0,0,
data\raw\train\IHC\00949_train_2+.png,0.02071717567741871,1.9757438352030476e-08,0,0.2,2,1,1,1,
data\raw\train\IHC\00950_train_2+.png,19814.744140625,0.8029640316963196,0,0.2,2,0,0,0,
data\raw\train\IHC\00951_train_1+.png,406628.96875,1.090570330619812,0,0.2,2,0,0,0,
data\raw\train\IHC\00952_train_1+.png,49047.2265625,0.046775080263614655,0,0.2,2,0,1,0,
data\raw\train\IHC\00954_train_1+.png,10783.00390625,0.07859274744987488,0,0.2,2,0,0,0,
data\raw\train\IHC\00955_train_3+.png,583055.6875,0.5560855269432068,1,0.25,0,0,0,0,
data\raw\train\IHC\00956_train_2+.png,68610.7109375,0.7206477522850037,0,0.2,2,0,0,0,
data\raw\train\IHC\00958_train_2+.png,73.00100708007812,6.961918552406132e-05,0,0.2,2,1,1,1,
data\raw\train\IHC\00959_train_3+.png,406347.5625,0.3952731788158417,1,0.25,0,0,0,0,
data\raw\train\IHC\00960_train_2+.png,9732.5693359375,0.09231046587228775,0,0.2,2,0,0,0,
data\raw\train\IHC\00961_train_2+.png,20.705472946166992,1.974627775780391e-05,0,0.2,2,1,1,1,
data\raw\train\IHC\00962_train_2+.png,302.9689025878906,0.00028893366106785834,0,0.2,2,1,1,1,
data\raw\train\IHC\00963_train_3+.png,95585.5625,0.6347277760505676,1,0.25,0,0,0,0,
data\raw\train\IHC\00964_train_3+.png,1695848.125,1.6275511980056763,1,0.25,0,0,0,0,
data\raw\train\IHC\00965_train_2+.png,200501.1875,0.5876560211181641,0,0.2,2,0,0,0,
data\raw\train\IHC\00966_train_0.png,48906.9921875,0.8760141134262085,0,0.2,2,0,0,0,
data\raw\train\IHC\00967_train_3+.png,571777.3125,0.5452893376350403,1,0.25,0,0,0,0,
data\raw\train\IHC\00968_train_2+.png,126420.65625,0.12056413292884827,0,0.2,2,0,0,0,
data\raw\train\IHC\00969_train_3+.png,1637771.5,1.5619006156921387,1,0.25,0,0,0,0,
data\raw\train\IHC\00971_train_3+.png,2699.2509765625,0.011714227497577667,1,0.25,0,0,1,0,
data\raw\train\IHC\00972_train_3+.png,484162.78125,0.4617336094379425,1,0.25,0,0,0,0,
data\raw\train\IHC\00973_train_2+.png,10198.296875,0.28126248717308044,0,0.2,2,0,0,0,
data\raw\train\IHC\00974_train_3+.png,5874.7626953125,0.005604480858892202,1,0.25,0,0,1,0,
data\raw\train\IHC\00975_train_3+.png,266741.28125,1.4640990495681763,1,0.25,0,0,0,0,
data\raw\train\IHC\00976_train_2+.png,13397.69140625,0.2201359122991562,0,0.2,2,0,0,0,
data\raw\train\IHC\00977_train_1+.png,41631.390625,1.550979495048523,0,0.2,2,0,0,0,
data\raw\train\IHC\00978_train_3+.png,17111.513671875,1.4964157342910767,1,0.25,0,0,0,0,
data\raw\train\IHC\00979_train_1+.png,33421.6015625,0.4163803458213806,0,0.2,2,0,0,0,
data\raw\train\IHC\00980_train_1+.png,47715.28515625,0.045504841953516006,0,0.2,2,0,1,0,
data\raw\train\IHC\00981_train_2+.png,73162.2734375,0.06977298110723495,0,0.2,2,0,0,0,
data\raw\train\IHC\00982_train_3+.png,118086.578125,0.11360923945903778,1,0.25,0,0,0,0,
data\raw\train\IHC\00984_train_2+.png,79599.5078125,0.8146839141845703,0,0.2,2,0,0,0,
data\raw\train\IHC\00986_train_3+.png,1693282.5,1.614840030670166,1,0.25,0,0,0,0,
data\raw\train\IHC\00987_train_3+.png,825.3331298828125,0.004205176141113043,1,0.25,0,0,1,0,
data\raw\train\IHC\00988_train_2+.png,9801.396484375,0.00934734009206295,0,0.2,2,0,1,0,
data\raw\train\IHC\00989_train_0.png,613501.875,1.27058744430542,0,0.2,2,0,0,0,
data\raw\train\IHC\00990_train_2+.png,239077.40625,0.4624589681625366,0,0.2,2,0,0,0,
data\raw\train\IHC\00992_train_3+.png,162805.046875,0.15896710753440857,1,0.25,0,0,0,0,
data\raw\train\IHC\00993_train_2+.png,110862.6328125,0.5404479503631592,0,0.2,2,0,0,0,
data\raw\train\IHC\00994_train_3+.png,4533252.0,4.355943202972412,1,0.25,0,0,0,0,
data\raw\train\IHC\00995_train_2+.png,580040.75,0.5531699657440186,0,0.2,2,0,0,0,
data\raw\train\IHC\00996_train_2+.png,635932.875,0.6064728498458862,0,0.2,2,0,0,0,
data\raw\train\IHC\00997_train_1+.png,137892.953125,2.1178784370422363,0,0.2,2,0,0,0,
data\raw\train\IHC\00999_train_3+.png,15850.78515625,0.015201032161712646,1,0.25,0,0,1,0,
data\raw\train\IHC\01000_train_1+.png,134867.453125,0.6160947680473328,0,0.2,2,0,0,0,
data\raw\train\IHC\01001_train_1+.png,1248629.875,1.1907862424850464,0,0.2,2,0,0,0,
data\raw\train\IHC\01002_train_2+.png,66529.4375,0.06344741582870483,0,0.2,2,0,0,0,
data\raw\train\IHC\01003_train_2+.png,61786.33203125,0.5625274777412415,0,0.2,2,0,0,0,
data\raw\train\IHC\01004_train_3+.png,318537.375,0.30552154779434204,1,0.25,0,0,0,0,
data\raw\train\IHC\01005_train_2+.png,19379.59375,1.1204019784927368,0,0.2,2,0,0,0,
data\raw\train\IHC\01006_train_3+.png,24665.87890625,0.9824303388595581,1,0.25,0,0,0,0,
data\raw\train\IHC\01007_train_1+.png,98861.859375,0.8462678790092468,0,0.2,2,0,0,0,
data\raw\train\IHC\01008_train_2+.png,15129.8876953125,0.014428985305130482,0,0.2,2,0,1,0,
data\raw\train\IHC\01009_train_1+.png,133400.625,0.614658772945404,0,0.2,2,0,0,0,
data\raw\train\IHC\01011_train_3+.png,433723.1875,0.5813477039337158,1,0.25,0,0,0,0,
data\raw\train\IHC\01013_train_1+.png,1.5907745361328125,1.5170808183029294e-06,0,0.2,2,1,1,1,
data\raw\train\IHC\01014_train_2+.png,931.157958984375,0.0008880214300006628,0,0.2,2,0,1,0,
data\raw\train\IHC\01015_train_3+.png,181773.5625,0.2067796289920807,1,0.25,0,0,0,0,
data\raw\train\IHC\01016_train_3+.png,634090.5625,0.6047481894493103,1,0.25,0,0,0,0,
data\raw\train\IHC\01017_train_2+.png,99883.390625,1.3062115907669067,0,0.2,2,0,0,0,
data\raw\train\IHC\01018_train_3+.png,67017.2421875,0.2636232376098633,1,0.25,0,0,0,0,
data\raw\train\IHC\01019_train_3+.png,315282.46875,0.3009767532348633,1,0.25,0,0,0,0,
data\raw\train\IHC\01020_train_2+.png,92053.765625,0.7026200294494629,0,0.2,2,0,0,0,
data\raw\train\IHC\01023_train_3+.png,15523.384765625,0.03527240455150604,1,0.25,0,0,1,0,
data\raw\train\IHC\01024_train_2+.png,1127718.375,1.075476050376892,0,0.2,2,0,0,0,
data\raw\train\IHC\01025_train_2+.png,281900.78125,0.7107990980148315,0,0.2,2,0,0,0,
data\raw\train\IHC\01026_train_1+.png,89489.90625,0.9204413294792175,0,0.2,2,0,0,0,
data\raw\train\IHC\01027_train_3+.png,35.280723571777344,3.415649553062394e-05,1,0.25,0,1,1,1,
data\raw\train\IHC\01028_train_2+.png,74316.390625,0.28137677907943726,0,0.2,2,0,0,0,
data\raw\train\IHC\01031_train_0.png,126006.109375,0.9539413452148438,0,0.2,2,0,0,0,
data\raw\train\IHC\01034_train_3+.png,10916.1484375,0.0104645611718297,1,0.25,0,0,1,0,
data\raw\train\IHC\01035_train_2+.png,277325.65625,0.2644783556461334,0,0.2,2,0,0,0,
data\raw\train\IHC\01036_train_2+.png,29544.982421875,1.009015440940857,0,0.2,2,0,0,0,
data\raw\train\IHC\01037_train_2+.png,141576.6875,0.13501805067062378,0,0.2,2,0,0,0,
data\raw\train\IHC\01038_train_2+.png,1732.1378173828125,0.0016518953489139676,0,0.2,2,0,1,0,
data\raw\train\IHC\01039_train_1+.png,234.89328002929688,0.00022401168826036155,0,0.2,2,1,1,1,
data\raw\train\IHC\01041_train_3+.png,1841.4542236328125,0.006008830852806568,1,0.25,0,0,1,0,
data\raw\train\IHC\01042_train_3+.png,436188.15625,0.5818340182304382,1,0.25,0,0,0,0,
data\raw\train\IHC\01043_train_3+.png,129152.28125,1.070142388343811,1,0.25,0,0,0,0,
data\raw\train\IHC\01044_train_0.png,575167.625,0.9873308539390564,0,0.2,2,0,0,0,
data\raw\train\IHC\01045_train_3+.png,755188.9375,1.9966288805007935,1,0.25,0,0,0,0,
data\raw\train\IHC\01046_train_2+.png,31766.6328125,0.03029502183198929,0,0.2,2,0,1,0,
data\raw\train\IHC\01047_train_2+.png,215198.65625,1.0671889781951904,0,0.2,2,0,0,0,
data\raw\train\IHC\01048_train_1+.png,114628.1875,0.769301176071167,0,0.2,2,0,0,0,
data\raw\train\IHC\01050_train_1+.png,8708.166015625,0.07441732287406921,0,0.2,2,0,0,0,
data\raw\train\IHC\01051_train_2+.png,140384.203125,1.0241340398788452,0,0.2,2,0,0,0,
data\raw\train\IHC\01053_train_3+.png,26128.9140625,0.0249186884611845,1,0.25,0,0,1,0,
data\raw\train\IHC\01054_train_0.png,100283.2109375,0.6133379936218262,0,0.2,2,0,0,0,
data\raw\train\IHC\01055_train_2+.png,36090.22265625,0.48593926429748535,0,0.2,2,0,0,0,
data\raw\train\IHC\01056_train_1+.png,15730.126953125,0.015001418069005013,0,0.2,2,0,1,0,
data\raw\train\IHC\01057_train_2+.png,394756.65625,0.37646928429603577,0,0.2,2,0,0,0,
data\raw\train\IHC\01058_train_2+.png,150956.125,0.14396297931671143,0,0.2,2,0,0,0,
data\raw\train\IHC\01059_train_2+.png,24678.59375,0.8595818281173706,0,0.2,2,0,0,0,
data\raw\train\IHC\01061_train_1+.png,213839.8125,0.2088707834482193,0,0.2,2,0,0,0,
data\raw\train\IHC\01064_train_1+.png,33886.9765625,0.24801094830036163,0,0.2,2,0,0,0,
data\raw\train\IHC\01065_train_3+.png,136175.71875,0.8284807205200195,1,0.25,0,0,0,0,
data\raw\train\IHC\01066_train_2+.png,195.7017364501953,0.0001866357197286561,0,0.2,2,1,1,1,
data\raw\train\IHC\01068_train_1+.png,9461.220703125,0.11824752390384674,0,0.2,2,0,0,0,
data\raw\train\IHC\01069_train_2+.png,20616.412109375,0.024169497191905975,0,0.2,2,0,1,0,
data\raw\train\IHC\01071_train_3+.png,48617.109375,0.046364933252334595,1,0.25,0,0,1,0,
data\raw\train\IHC\01072_train_2+.png,1422929.375,1.3570111989974976,0,0.2,2,0,0,0,
data\raw\train\IHC\01076_train_3+.png,195389.21875,0.18747928738594055,1,0.25,0,0,0,0,
data\raw\train\IHC\01077_train_2+.png,349996.96875,1.0147604942321777,0,0.2,2,0,0,0,
data\raw\train\IHC\01078_train_3+.png,99451.6484375,0.09484448283910751,1,0.25,0,0,0,0,
data\raw\train\IHC\01079_train_1+.png,151623.625,0.824933648109436,0,0.2,2,0,0,0,
data\raw\train\IHC\01080_train_2+.png,276638.90625,0.7950741648674011,0,0.2,2,0,0,0,
data\raw\train\IHC\01081_train_3+.png,440391.03125,0.41998961567878723,1,0.25,0,0,0,0,
data\raw\train\IHC\01082_train_0.png,730956.75,1.0579792261123657,0,0.2,2,0,0,0,
data\raw\train\IHC\01083_train_2+.png,36531.25,0.49506375193595886,0,0.2,2,0,0,0,
data\raw\train\IHC\01084_train_2+.png,58807.3203125,0.6591049432754517,0,0.2,2,0,0,0,
data\raw\train\IHC\01085_train_3+.png,2508.224365234375,0.006670170929282904,1,0.25,0,0,1,0,
data\raw\train\IHC\01086_train_2+.png,227.9939727783203,0.0002174319961341098,0,0.2,2,1,1,1,
data\raw\train\IHC\01087_train_1+.png,26762.78515625,0.2434086799621582,0,0.2,2,0,0,0,
data\raw\train\IHC\01089_train_3+.png,1044536.0,0.9963542819023132,1,0.25,0,0,0,0,
data\raw\train\IHC\01091_train_1+.png,218801.03125,0.2086649239063263,0,0.2,2,0,0,0,
data\raw\train\IHC\01092_train_2+.png,313833.53125,0.6509488821029663,0,0.2,2,0,0,0,
data\raw\train\IHC\01093_train_1+.png,54769.7421875,0.5797887444496155,0,0.2,2,0,0,0,
data\raw\train\IHC\01094_train_3+.png,15895.3369140625,0.015250221826136112,1,0.25,0,0,1,0,
data\raw\train\IHC\01095_train_1+.png,9474.822265625,0.08607058972120285,0,0.2,2,0,0,0,
data\raw\train\IHC\01098_train_2+.png,568435.25,0.7167348861694336,0,0.2,2,0,0,0,
data\raw\train\IHC\01101_train_2+.png,98692.28125,0.09412029385566711,0,0.2,2,0,0,0,
data\raw\train\IHC\01102_train_3+.png,3599.278564453125,0.006519676186144352,1,0.25,0,0,1,0,
data\raw\train\IHC\01103_train_3+.png,595322.3125,0.5677435994148254,1,0.25,0,0,0,0,
data\raw\train\IHC\01105_train_2+.png,259255.0625,0.3674432039260864,0,0.2,2,0,0,0,
data\raw\train\IHC\01106_train_2+.png,138197.828125,0.8848568797111511,0,0.2,2,0,0,0,
data\raw\train\IHC\01107_train_3+.png,593824.8125,0.5721081495285034,1,0.25,0,0,0,0,
data\raw\train\IHC\01110_train_0.png,58343.7109375,0.6694400906562805,0,0.2,2,0,0,0,
data\raw\train\IHC\01111_train_3+.png,184.63743591308594,0.0021620055194944143,1,0.25,0,1,1,1,
data\raw\train\IHC\01112_train_1+.png,169430.453125,0.7073277235031128,0,0.2,2,0,0,0,
data\raw\train\IHC\01114_train_3+.png,46425.12109375,0.6189768314361572,1,0.25,0,0,0,0,
data\raw\train\IHC\01115_train_2+.png,89492.96875,0.6356440782546997,0,0.2,2,0,0,0,
data\raw\train\IHC\01116_train_3+.png,1006.946044921875,0.05876888334751129,1,0.25,0,0,0,0,
data\raw\train\IHC\01117_train_2+.png,69.8871841430664,6.664961256319657e-05,0,0.2,2,1,1,1,
data\raw\train\IHC\01118_train_2+.png,131756.0,0.7511744499206543,0,0.2,2,0,0,0,
data\raw\train\IHC\01119_train_2+.png,2246.630126953125,0.002142553450539708,0,0.2,2,0,1,0,
data\raw\train\IHC\01120_train_3+.png,1240365.25,1.1829044818878174,1,0.25,0,0,0,0,
data\raw\train\IHC\01121_train_1+.png,71447.6796875,0.6006126403808594,0,0.2,2,0,0,0,
data\raw\train\IHC\01123_train_2+.png,2898.810791015625,0.002764521399512887,0,0.2,2,0,1,0,
data\raw\train\IHC\01124_train_2+.png,89432.15625,0.9911796450614929,0,0.2,2,0,0,0,
data\raw\train\IHC\01125_train_1+.png,50112.05859375,0.6900966763496399,0,0.2,2,0,0,0,
data\raw\train\IHC\01126_train_2+.png,157092.40625,1.0407675504684448,0,0.2,2,0,0,0,
data\raw\train\IHC\01127_train_1+.png,150904.71875,0.5269718766212463,0,0.2,2,0,0,0,
data\raw\train\IHC\01128_train_3+.png,14571.734375,1.0053632259368896,1,0.25,0,0,0,0,
data\raw\train\IHC\01129_train_2+.png,40603.671875,0.038722679018974304,0,0.2,2,0,1,0,
data\raw\train\IHC\01130_train_3+.png,176.9287109375,0.004548178985714912,1,0.25,0,1,1,1,
data\raw\train\IHC\01131_train_2+.png,946632.125,1.4207231998443604,0,0.2,2,0,0,0,
data\raw\train\IHC\01132_train_2+.png,1662919.75,1.5858838558197021,0,0.2,2,0,0,0,
data\raw\train\IHC\01133_train_1+.png,217899.453125,0.2078051120042801,0,0.2,2,0,0,0,
data\raw\train\IHC\01134_train_1+.png,269590.03125,0.823653519153595,0,0.2,2,0,0,0,
data\raw\train\IHC\01135_train_1+.png,217139.125,0.7502146363258362,0,0.2,2,0,0,0,
data\raw\train\IHC\01136_train_3+.png,1199251.5,1.155859351158142,1,0.25,0,0,0,0,
data\raw\train\IHC\01137_train_1+.png,220616.71875,0.852177083492279,0,0.2,2,0,0,0,
data\raw\train\IHC\01139_train_3+.png,1786191.375,1.7129720449447632,1,0.25,0,0,0,0,
data\raw\train\IHC\01140_train_0.png,37737.7109375,0.9077238440513611,0,0.2,2,0,0,0,
data\raw\train\IHC\01141_train_3+.png,118667.765625,0.11474597454071045,1,0.25,0,0,0,0,
data\raw\train\IHC\01143_train_2+.png,933362.1875,0.8901235461235046,0,0.2,2,0,0,0,
data\raw\train\IHC\01144_train_3+.png,401086.15625,0.38402360677719116,1,0.25,0,0,0,0,
data\raw\train\IHC\01145_train_3+.png,102880.7421875,0.09905456006526947,1,0.25,0,0,0,0,
data\raw\train\IHC\01146_train_2+.png,104583.1640625,0.7838524580001831,0,0.2,2,0,0,0,
data\raw\train\IHC\01149_train_3+.png,129672.8125,0.1292605996131897,1,0.25,0,0,0,0,
data\raw\train\IHC\01150_train_1+.png,85740.8046875,0.5319865345954895,0,0.2,2,0,0,0,
data\raw\train\IHC\01151_train_1+.png,1603.7515869140625,0.0015294566983357072,0,0.2,2,0,1,0,
data\raw\train\IHC\01152_train_1+.png,290947.25,0.30487900972366333,0,0.2,2,0,0,0,
data\raw\train\IHC\01153_train_2+.png,443715.5,0.4231600761413574,0,0.2,2,0,0,0,
data\raw\train\IHC\01154_train_1+.png,9602.8427734375,0.11429506540298462,0,0.2,2,0,0,0,
data\raw\train\IHC\01155_train_2+.png,97684.046875,0.6590521335601807,0,0.2,2,0,0,0,
data\raw\train\IHC\01156_train_1+.png,3194.57861328125,0.06404142826795578,0,0.2,2,0,0,0,
data\raw\train\IHC\01157_train_2+.png,510383.1875,0.4867393374443054,0,0.2,2,0,0,0,
data\raw\train\IHC\01158_train_2+.png,305693.78125,0.5556805729866028,0,0.2,2,0,0,0,
data\raw\train\IHC\01159_train_3+.png,797977.875,0.7617818117141724,1,0.25,0,0,0,0,
data\raw\train\IHC\01160_train_0.png,21730.080078125,0.5862537026405334,0,0.2,2,0,0,0,
data\raw\train\IHC\01161_train_2+.png,708952.0,0.6761093139648438,0,0.2,2,0,0,0,
data\raw\train\IHC\01162_train_2+.png,981.5878295898438,0.0009361151023767889,0,0.2,2,0,1,0,
data\raw\train\IHC\01163_train_3+.png,1021897.9375,0.9745587706565857,1,0.25,0,0,0,0,
data\raw\train\IHC\01164_train_3+.png,555968.0,0.5302467942237854,1,0.25,0,0,0,0,
data\raw\train\IHC\01165_train_2+.png,2747.99853515625,0.8234937191009521,0,0.2,2,0,0,0,
data\raw\train\IHC\01166_train_2+.png,2050.873779296875,0.0019558656495064497,0,0.2,2,0,1,0,
data\raw\train\IHC\01167_train_1+.png,473663.5625,0.7184286117553711,0,0.2,2,0,0,0,
data\raw\train\IHC\01168_train_1+.png,37129.59765625,1.59772789478302,0,0.2,2,0,0,0,
data\raw\train\IHC\01169_train_1+.png,8510.9853515625,0.008116708137094975,0,0.2,2,0,1,0,
data\raw\train\IHC\01170_train_1+.png,438241.78125,0.4179399311542511,0,0.2,2,0,0,0,
data\raw\train\IHC\01171_train_0.png,35559.06640625,0.9038219451904297,0,0.2,2,0,0,0,
data\raw\train\IHC\01172_train_3+.png,35710.8515625,0.3803720772266388,1,0.25,0,0,0,0,
data\raw\train\IHC\01173_train_2+.png,33754.45703125,0.42450961470603943,0,0.2,2,0,0,0,
data\raw\train\IHC\01174_train_3+.png,571596.125,0.5451165437698364,1,0.25,0,0,0,0,
data\raw\train\IHC\01175_train_1+.png,35643.8203125,1.4530112743377686,0,0.2,2,0,0,0,
data\raw\train\IHC\01176_train_2+.png,45228.68359375,0.043133433908224106,0,0.2,2,0,1,0,
data\raw\train\IHC\01177_train_3+.png,162108.828125,0.3166849911212921,1,0.25,0,0,0,0,
data\raw\train\IHC\01178_train_0.png,1860.01123046875,0.14438839256763458,0,0.2,2,0,0,0,
data\raw\train\IHC\01179_train_2+.png,531598.6875,0.7133370041847229,0,0.2,2,0,0,0,
data\raw\train\IHC\01181_train_2+.png,221185.890625,0.6854991316795349,0,0.2,2,0,0,0,
data\raw\train\IHC\01182_train_1+.png,46919.33203125,0.9081102609634399,0,0.2,2,0,0,0,
data\raw\train\IHC\01183_train_2+.png,92188.609375,0.08791790902614594,0,0.2,2,0,0,0,
data\raw\train\IHC\01184_train_3+.png,112880.921875,0.10892078280448914,1,0.25,0,0,0,0,
data\raw\train\IHC\01185_train_1+.png,1946.3929443359375,0.10060957819223404,0,0.2,2,0,0,0,
data\raw\train\IHC\01186_train_3+.png,632043.3125,0.6027634739875793,1,0.25,0,0,0,0,
data\raw\train\IHC\01187_train_1+.png,44531.48828125,0.7908273339271545,0,0.2,2,0,0,0,
data\raw\train\IHC\01188_train_3+.png,4529.9375,0.004328617826104164,1,0.25,0,0,1,0,
data\raw\train\IHC\01189_train_2+.png,66228.796875,0.9815163612365723,0,0.2,2,0,0,0,
data\raw\train\IHC\01191_train_2+.png,175564.265625,0.8279068470001221,0,0.2,2,0,0,0,
data\raw\train\IHC\01192_train_3+.png,0.0002785071264952421,2.658916420372748e-10,1,0.25,0,1,1,1,
data\raw\train\IHC\01193_train_0.png,252248.609375,0.5142567753791809,0,0.2,2,0,0,0,
data\raw\train\IHC\01195_train_2+.png,0.000818019500002265,7.801241874716425e-10,0,0.2,2,1,1,1,
data\raw\train\IHC\01196_train_3+.png,574811.875,0.5553635954856873,1,0.25,0,0,0,0,
data\raw\train\IHC\01197_train_3+.png,576218.3125,0.5495765209197998,1,0.25,0,0,0,0,
data\raw\train\IHC\01198_train_2+.png,154771.03125,0.8264901638031006,0,0.2,2,0,0,0,
data\raw\train\IHC\01200_train_2+.png,667.2158203125,0.0006363065913319588,0,0.2,2,0,1,0,
data\raw\train\IHC\01202_train_2+.png,2530.875732421875,0.002413631184026599,0,0.2,2,0,1,0,
data\raw\train\IHC\01203_train_2+.png,200.2297821044922,0.00019095400057267398,0,0.2,2,1,1,1,
data\raw\train\IHC\01205_train_3+.png,12.186554908752441,0.00010324876348022372,1,0.25,0,1,1,1,
data\raw\train\IHC\01206_train_2+.png,0.000708709005266428,6.758775761284141e-10,0,0.2,2,1,1,1,
data\raw\train\IHC\01207_train_2+.png,3366.703369140625,0.0032107385341078043,0,0.2,2,0,1,0,
data\raw\train\IHC\01208_train_1+.png,10845.046875,0.21796898543834686,0,0.2,2,0,0,0,
data\raw\train\IHC\01209_train_3+.png,375348.375,0.3579601049423218,1,0.25,0,0,0,0,
data\raw\train\IHC\01210_train_2+.png,147806.5,0.6824977993965149,0,0.2,2,0,0,0,
data\raw\train\IHC\01211_train_2+.png,21575.025390625,0.819750964641571,0,0.2,2,0,0,0,
data\raw\train\IHC\01212_train_3+.png,32511.14453125,0.34843945503234863,1,0.25,0,0,0,0,
data\raw\train\IHC\01213_train_2+.png,9673.8564453125,0.7272482514381409,0,0.2,2,0,0,0,
data\raw\train\IHC\01214_train_2+.png,9568.2275390625,0.06437008827924728,0,0.2,2,0,0,0,
data\raw\train\IHC\01215_train_3+.png,494136.9375,0.4713927209377289,1,0.25,0,0,0,0,
data\raw\train\IHC\01216_train_1+.png,379890.5625,0.3622918725013733,0,0.2,2,0,0,0,
data\raw\train\IHC\01217_train_3+.png,71276.4921875,0.06804821640253067,1,0.25,0,0,0,0,
data\raw\train\IHC\01218_train_2+.png,3686.620849609375,0.833134651184082,0,0.2,2,0,0,0,
data\raw\train\IHC\01219_train_3+.png,321834.375,0.3069251775741577,1,0.25,0,0,0,0,
data\raw\train\IHC\01220_train_3+.png,405091.53125,0.3863253891468048,1,0.25,0,0,0,0,
data\raw\train\IHC\01221_train_1+.png,82771.8984375,0.07893743366003036,0,0.2,2,0,0,0,
data\raw\train\IHC\01224_train_2+.png,486003.15625,0.6856984496116638,0,0.2,2,0,0,0,
data\raw\train\IHC\01225_train_1+.png,125587.4140625,0.18918468058109283,0,0.2,2,0,0,0,
data\raw\train\IHC\01226_train_1+.png,16062.83984375,0.22338664531707764,0,0.2,2,0,0,0,
data\raw\train\IHC\01227_train_3+.png,0.023287102580070496,2.2218037187826667e-08,1,0.25,0,1,1,1,
data\raw\train\IHC\01228_train_3+.png,676206.0,0.6488112211227417,1,0.25,0,0,0,0,
data\raw\train\IHC\01229_train_3+.png,37168.49609375,0.12756021320819855,1,0.25,0,0,0,0,
data\raw\train\IHC\01231_train_2+.png,13088.083984375,0.17753535509109497,0,0.2,2,0,0,0,
data\raw\train\IHC\01232_train_1+.png,36674.48046875,0.6070828437805176,0,0.2,2,0,0,0,
data\raw\train\IHC\01233_train_1+.png,63389.6015625,0.5663375854492188,0,0.2,2,0,0,0,
data\raw\train\IHC\01234_train_1+.png,454234.6875,0.5870910286903381,0,0.2,2,0,0,0,
data\raw\train\IHC\01235_train_1+.png,1291261.875,1.304476261138916,0,0.2,2,0,0,0,
data\raw\train\IHC\01236_train_1+.png,268033.375,0.32952505350112915,0,0.2,2,0,0,0,
data\raw\train\IHC\01237_train_3+.png,128491.171875,0.5267629027366638,1,0.25,0,0,0,0,
data\raw\train\IHC\01238_train_2+.png,8037.5908203125,0.07828034460544586,0,0.2,2,0,0,0,
data\raw\train\IHC\01239_train_2+.png,76174.1796875,0.6957244873046875,0,0.2,2,0,0,0,
data\raw\train\IHC\01240_train_2+.png,57894.296875,0.05521230399608612,0,0.2,2,0,0,0,
data\raw\train\IHC\01241_train_1+.png,34729.37890625,0.2928352355957031,0,0.2,2,0,0,0,
data\raw\train\IHC\01242_train_2+.png,61902.5703125,0.7263002395629883,0,0.2,2,0,0,0,
data\raw\train\IHC\01243_train_3+.png,1619.740478515625,0.0033050598576664925,1,0.25,0,0,1,0,
data\raw\train\IHC\01244_train_1+.png,63777.83984375,0.060823287814855576,0,0.2,2,0,0,0,
data\raw\train\IHC\01245_train_3+.png,55729.9296875,0.05315854400396347,1,0.25,0,0,0,0,
data\raw\train\IHC\01246_train_2+.png,146391.203125,0.13960953056812286,0,0.2,2,0,0,0,
data\raw\train\IHC\01247_train_1+.png,27969.419921875,0.09512340277433395,0,0.2,2,0,0,0,
data\raw\train\IHC\01248_train_1+.png,449037.3125,1.3664790391921997,0,0.2,2,0,0,0,
data\raw\train\IHC\01249_train_1+.png,5812.7744140625,0.005543493665754795,0,0.2,2,0,1,0,
data\raw\train\IHC\01250_train_2+.png,135607.28125,0.7738639712333679,0,0.2,2,0,0,0,
data\raw\train\IHC\01251_train_2+.png,67830.84375,0.7460415363311768,0,0.2,2,0,0,0,
data\raw\train\IHC\01252_train_1+.png,139924.75,0.6014957427978516,0,0.2,2,0,0,0,
data\raw\train\IHC\01254_train_2+.png,3056.205322265625,0.5332760810852051,0,0.2,2,0,0,0,
data\raw\train\IHC\01255_train_2+.png,1142.4176025390625,0.0010894943261519074,0,0.2,2,0,1,0,
data\raw\train\IHC\01256_train_1+.png,87287.7578125,1.012677788734436,0,0.2,2,0,0,0,
data\raw\train\IHC\01257_train_2+.png,29276.583984375,0.159695103764534,0,0.2,2,0,0,0,
data\raw\train\IHC\01258_train_2+.png,4218.83349609375,0.11106577515602112,0,0.2,2,0,0,0,
data\raw\train\IHC\01259_train_0.png,1068303.5,1.1997007131576538,0,0.2,2,0,0,0,
data\raw\train\IHC\01261_train_1+.png,117119.984375,0.23866626620292664,0,0.2,2,0,0,0,
data\raw\train\IHC\01263_train_3+.png,242908.765625,0.23173032701015472,1,0.25,0,0,0,0,
data\raw\train\IHC\01264_train_2+.png,54.17124938964844,5.166172923054546e-05,0,0.2,2,1,1,1,
data\raw\train\IHC\01265_train_2+.png,1458787.75,1.3912084102630615,0,0.2,2,0,0,0,
data\raw\train\IHC\01266_train_1+.png,62459.94921875,0.8832381367683411,0,0.2,2,0,0,0,
data\raw\train\IHC\01267_train_3+.png,443271.9375,0.4228358566761017,1,0.25,0,0,0,0,
data\raw\train\IHC\01268_train_2+.png,440.4154357910156,0.0004200128896627575,0,0.2,2,1,1,1,
data\raw\train\IHC\01270_train_2+.png,6713.380859375,0.006402378901839256,0,0.2,2,0,1,0,
data\raw\train\IHC\01272_train_1+.png,98603.28125,0.8581137657165527,0,0.2,2,0,0,0,
data\raw\train\IHC\01273_train_3+.png,5858.38232421875,1.9832031726837158,1,0.25,0,0,0,0,
data\raw\train\IHC\01274_train_1+.png,110818.6640625,0.10568491369485855,0,0.2,2,0,0,0,
data\raw\train\IHC\01275_train_1+.png,721225.8125,0.6878145337104797,0,0.2,2,0,0,0,
data\raw\train\IHC\01276_train_2+.png,19923.697265625,0.03428328409790993,0,0.2,2,0,1,0,
data\raw\train\IHC\01277_train_2+.png,60268.08984375,0.6969504356384277,0,0.2,2,0,0,0,
data\raw\train\IHC\01278_train_2+.png,173562.234375,0.16552184522151947,0,0.2,2,0,0,0,
data\raw\train\IHC\01279_train_2+.png,181686.578125,0.7028467059135437,0,0.2,2,0,0,0,
data\raw\train\IHC\01280_train_2+.png,224593.71875,0.21418926119804382,0,0.2,2,0,0,0,
data\raw\train\IHC\01283_train_3+.png,31736.94140625,0.09970889240503311,1,0.25,0,0,0,0,
data\raw\train\IHC\01284_train_0.png,4298.11376953125,0.1825411468744278,0,0.2,2,0,0,0,
data\raw\train\IHC\01285_train_2+.png,780489.1875,0.744332492351532,0,0.2,2,0,0,0,
data\raw\train\IHC\01286_train_3+.png,32590.19140625,0.03112325817346573,1,0.25,0,0,1,0,
data\raw\train\IHC\01287_train_1+.png,55019.21875,0.2379435896873474,0,0.2,2,0,0,0,
data\raw\train\IHC\01288_train_1+.png,16367.1318359375,2.660457134246826,0,0.2,2,0,0,0,
data\raw\train\IHC\01289_train_3+.png,211965.390625,0.20511575043201447,1,0.25,0,0,0,0,
data\raw\train\IHC\01290_train_2+.png,28789.70703125,0.43509358167648315,0,0.2,2,0,0,0,
data\raw\train\IHC\01291_train_2+.png,83.33426666259766,7.947374979266897e-05,0,0.2,2,1,1,1,
data\raw\train\IHC\01292_train_1+.png,937036.5625,1.0169086456298828,0,0.2,2,0,0,0,
data\raw\train\IHC\01293_train_0.png,381649.65625,0.6763204336166382,0,0.2,2,0,0,0,
data\raw\train\IHC\01294_train_1+.png,407672.8125,0.38878709077835083,0,0.2,2,0,0,0,
data\raw\train\IHC\01295_train_1+.png,12455.033203125,0.16577975451946259,0,0.2,2,0,0,0,
data\raw\train\IHC\01297_train_3+.png,19705.17578125,0.05756731331348419,1,0.25,0,0,0,0,
data\raw\train\IHC\01299_train_1+.png,1698.9561767578125,0.0016202508704736829,0,0.2,2,0,1,0,
data\raw\train\IHC\01300_train_2+.png,10514.36328125,0.1571912169456482,0,0.2,2,0,0,0,
data\raw\train\IHC\01301_train_1+.png,178192.578125,1.0914382934570312,0,0.2,2,0,0,0,
data\raw\train\IHC\01302_train_1+.png,164281.15625,0.7632073760032654,0,0.2,2,0,0,0,
data\raw\train\IHC\01303_train_3+.png,418316.59375,0.6248912811279297,1,0.25,0,0,0,0,
data\raw\train\IHC\01304_train_2+.png,274616.65625,0.6582279801368713,0,0.2,2,0,0,0,
data\raw\train\IHC\01305_train_0.png,1028279.5625,1.435543179512024,0,0.2,2,0,0,0,
data\raw\train\IHC\01306_train_3+.png,16628.6875,0.04977412149310112,1,0.25,0,0,1,0,
data\raw\train\IHC\01310_train_1+.png,246801.203125,0.8279891014099121,0,0.2,2,0,0,0,
data\raw\train\IHC\01311_train_0.png,63207.609375,0.5687103867530823,0,0.2,2,0,0,0,
data\raw\train\IHC\01314_train_2+.png,352874.90625,0.9749730229377747,0,0.2,2,0,0,0,
data\raw\train\IHC\01315_train_1+.png,33324.27734375,0.5096624493598938,0,0.2,2,0,0,0,
data\raw\train\IHC\01316_train_2+.png,47161.53515625,0.7015997767448425,0,0.2,2,0,0,0,
data\raw\train\IHC\01317_train_3+.png,3729.85791015625,0.00355745991691947,1,0.25,0,0,1,0,
data\raw\train\IHC\01318_train_0.png,1321452.25,1.3890225887298584,0,0.2,2,0,0,0,
data\raw\train\IHC\01319_train_2+.png,76769.875,0.07321345806121826,0,0.2,2,0,0,0,
data\raw\train\IHC\01320_train_3+.png,487050.59375,0.46530768275260925,1,0.25,0,0,0,0,
data\raw\train\IHC\01321_train_1+.png,404444.625,0.38570845127105713,0,0.2,2,0,0,0,
data\raw\train\IHC\01323_train_2+.png,82288.2734375,0.7486741542816162,0,0.2,2,0,0,0,
data\raw\train\IHC\01324_train_3+.png,188187.796875,1.454468011856079,1,0.25,0,0,0,0,
data\raw\train\IHC\01325_train_2+.png,12932.5859375,0.14528709650039673,0,0.2,2,0,0,0,
data\raw\train\IHC\01326_train_3+.png,2578.466064453125,0.0024617095477879047,1,0.25,0,0,1,0,
data\raw\train\IHC\01327_train_3+.png,50798.88671875,0.9523957967758179,1,0.25,0,0,0,0,
data\raw\train\IHC\01328_train_1+.png,711979.3125,0.6789963841438293,0,0.2,2,0,0,0,
data\raw\train\IHC\01329_train_2+.png,483413.71875,1.3325368165969849,0,0.2,2,0,0,0,
data\raw\train\IHC\01330_train_2+.png,113343.34375,0.20339255034923553,0,0.2,2,0,0,0,
data\raw\train\IHC\01331_train_2+.png,511.53607177734375,0.002096029696986079,0,0.2,2,0,1,0,
data\raw\train\IHC\01332_train_1+.png,221838.0625,0.2241118997335434,0,0.2,2,0,0,0,
data\raw\train\IHC\01333_train_2+.png,14676.322265625,0.4669080972671509,0,0.2,2,0,0,0,
data\raw\train\IHC\01334_train_2+.png,276338.1875,0.26353663206100464,0,0.2,2,0,0,0,
data\raw\train\IHC\01335_train_2+.png,74444.515625,0.07099582254886627,0,0.2,2,0,0,0,
data\raw\train\IHC\01337_train_1+.png,335738.125,0.3201848268508911,0,0.2,2,0,0,0,
data\raw\train\IHC\01338_train_0.png,211746.15625,0.4011992812156677,0,0.2,2,0,0,0,
data\raw\train\IHC\01339_train_1+.png,1131006.75,1.0786120891571045,0,0.2,2,0,0,0,
data\raw\train\IHC\01340_train_1+.png,16972.2890625,1.041883945465088,0,0.2,2,0,0,0,
data\raw\train\IHC\01343_train_2+.png,3424.460205078125,0.0032658197451382875,0,0.2,2,0,1,0,
data\raw\train\IHC\01344_train_2+.png,2917.18359375,0.002782043069601059,0,0.2,2,0,1,0,
data\raw\train\IHC\01345_train_2+.png,68090.0859375,0.06493576616048813,0,0.2,2,0,0,0,
data\raw\train\IHC\01346_train_0.png,808528.3125,0.974101185798645,0,0.2,2,0,0,0,
data\raw\train\IHC\01347_train_1+.png,1015542.1875,1.4207062721252441,0,0.2,2,0,0,0,
data\raw\train\IHC\01348_train_2+.png,149188.828125,0.1422775536775589,0,0.2,2,0,0,0,
data\raw\train\IHC\01349_train_2+.png,8555.3173828125,0.016232488676905632,0,0.2,2,0,1,0,
data\raw\train\IHC\01350_train_2+.png,1399227.0,1.334406852722168,0,0.2,2,0,0,0,
data\raw\train\IHC\01351_train_3+.png,1845021.25,1.760467767715454,1,0.25,0,0,0,0,
data\raw\train\IHC\01352_train_1+.png,39204.08984375,0.12103501707315445,0,0.2,2,0,0,0,
data\raw\train\IHC\01353_train_3+.png,201812.84375,1.245742917060852,1,0.25,0,0,0,0,
data\raw\train\IHC\01355_train_3+.png,122015.0390625,0.11657094210386276,1,0.25,0,0,0,0,
data\raw\train\IHC\01357_train_1+.png,283341.4375,0.2702154517173767,0,0.2,2,0,0,0,
data\raw\train\IHC\01358_train_2+.png,647947.6875,0.8776639103889465,0,0.2,2,0,0,0,
data\raw\train\IHC\01359_train_2+.png,205796.109375,0.5267369151115417,0,0.2,2,0,0,0,
data\raw\train\IHC\01360_train_2+.png,17389.58203125,0.016583997756242752,0,0.2,2,0,1,0,
data\raw\train\IHC\01361_train_2+.png,104377.453125,0.664993941783905,0,0.2,2,0,0,0,
data\raw\train\IHC\01362_train_2+.png,808.9370727539062,0.0007714625098742545,0,0.2,2,0,1,0,
data\raw\train\IHC\01363_train_2+.png,876728.75,0.836113691329956,0,0.2,2,0,0,0,
data\raw\train\IHC\01364_train_2+.png,381189.65625,0.3635307848453522,0,0.2,2,0,0,0,
data\raw\train\IHC\01365_train_1+.png,126832.0546875,0.6397678256034851,0,0.2,2,0,0,0,
data\raw\train\IHC\01366_train_2+.png,294229.09375,0.2805987298488617,0,0.2,2,0,0,0,
data\raw\train\IHC\01367_train_1+.png,124374.4140625,0.9171004891395569,0,0.2,2,0,0,0,
data\raw\train\IHC\01369_train_2+.png,76461.6953125,0.07291955500841141,0,0.2,2,0,0,0,
data\raw\train\IHC\01370_train_2+.png,1916.0423583984375,0.001827280386351049,0,0.2,2,0,1,0,
data\raw\train\IHC\01371_train_2+.png,103340.8515625,1.1126155853271484,0,0.2,2,0,0,0,
data\raw\train\IHC\01372_train_3+.png,154123.0,0.8326067328453064,1,0.25,0,0,0,0,
data\raw\train\IHC\01373_train_2+.png,664233.0625,0.6334620118141174,0,0.2,2,0,0,0,
data\raw\train\IHC\01374_train_1+.png,39018.90625,1.0492337942123413,0,0.2,2,0,0,0,
data\raw\train\IHC\01375_train_1+.png,597812.6875,0.5701186060905457,0,0.2,2,0,0,0,
data\raw\train\IHC\01376_train_2+.png,285458.03125,1.4093352556228638,0,0.2,2,0,0,0,
data\raw\train\IHC\01377_train_2+.png,99506.3359375,0.6972039341926575,0,0.2,2,0,0,0,
data\raw\train\IHC\01378_train_2+.png,6.64394998550415,6.336164460662985e-06,0,0.2,2,1,1,1,
data\raw\train\IHC\01379_train_1+.png,241141.3125,0.24754683673381805,0,0.2,2,0,0,0,
data\raw\train\IHC\01380_train_2+.png,87932.328125,0.3863781690597534,0,0.2,2,0,0,0,
data\raw\train\IHC\01382_train_3+.png,4388.8193359375,0.009788627736270428,1,0.25,0,0,1,0,
data\raw\train\IHC\01383_train_1+.png,88611.1015625,0.8566756248474121,0,0.2,2,0,0,0,
data\raw\train\IHC\01384_train_2+.png,11443.7119140625,0.05769657716155052,0,0.2,2,0,0,0,
data\raw\train\IHC\01385_train_1+.png,116594.09375,1.1977778673171997,0,0.2,2,0,0,0,
data\raw\train\IHC\01386_train_3+.png,29614.1953125,0.0282423235476017,1,0.25,0,0,1,0,
data\raw\train\IHC\01388_train_3+.png,486906.3125,0.4645489752292633,1,0.25,0,0,0,0,
data\raw\train\IHC\01389_train_1+.png,8420.46484375,0.008030381053686142,0,0.2,2,0,1,0,
data\raw\train\IHC\01390_train_2+.png,404432.6875,0.38569706678390503,0,0.2,2,0,0,0,
data\raw\train\IHC\01393_train_0.png,686747.125,0.8507611155509949,0,0.2,2,0,0,0,
data\raw\train\IHC\01394_train_3+.png,406381.9375,0.38766396045684814,1,0.25,0,0,0,0,
data\raw\train\IHC\01395_train_2+.png,15144.9404296875,0.562736988067627,0,0.2,2,0,0,0,
data\raw\train\IHC\01396_train_3+.png,72293.3046875,0.6898347735404968,1,0.25,0,0,0,0,
data\raw\train\IHC\01397_train_2+.png,64.11622619628906,6.114599818829447e-05,0,0.2,2,1,1,1,
data\raw\train\IHC\01398_train_2+.png,93921.28125,0.7710093855857849,0,0.2,2,0,0,0,
data\raw\train\IHC\01399_train_2+.png,651992.125,0.6217881441116333,0,0.2,2,0,0,0,
data\raw\train\IHC\01400_train_3+.png,59844.640625,0.057802144438028336,1,0.25,0,0,0,0,
data\raw\train\IHC\01401_train_1+.png,413507.5,0.4627418518066406,0,0.2,2,0,0,0,
data\raw\train\IHC\01402_train_2+.png,15013.7109375,0.09646496921777725,0,0.2,2,0,0,0,
data\raw\train\IHC\01403_train_2+.png,36851.09765625,1.1171061992645264,0,0.2,2,0,0,0,
data\raw\train\IHC\01404_train_1+.png,134191.4375,0.9168775081634521,0,0.2,2,0,0,0,
data\raw\train\IHC\01405_train_3+.png,225396.828125,0.21792104840278625,1,0.25,0,0,0,0,
data\raw\train\IHC\01407_train_1+.png,51901.703125,0.5042769908905029,0,0.2,2,0,0,0,
data\raw\train\IHC\01408_train_2+.png,919.4056396484375,0.0008768135448917747,0,0.2,2,0,1,0,
data\raw\train\IHC\01410_train_3+.png,336312.71875,0.32073280215263367,1,0.25,0,0,0,0,
data\raw\train\IHC\01411_train_1+.png,725326.625,1.232134222984314,0,0.2,2,0,0,0,
data\raw\train\IHC\01413_train_2+.png,1926.3118896484375,0.0018370741745457053,0,0.2,2,0,1,0,
data\raw\train\IHC\01414_train_3+.png,168.9696044921875,0.03151242062449455,1,0.25,0,1,1,1,
data\raw\train\IHC\01415_train_3+.png,253.76329040527344,0.020358065143227577,1,0.25,0,1,1,1,
data\raw\train\IHC\01416_train_3+.png,1240.861083984375,0.007909821346402168,1,0.25,0,0,1,0,
data\raw\train\IHC\01417_train_2+.png,240929.703125,0.22976846992969513,0,0.2,2,0,0,0,
data\raw\train\IHC\01418_train_1+.png,6556.01123046875,0.006252299528568983,0,0.2,2,0,1,0,
data\raw\train\IHC\01419_train_1+.png,307348.34375,0.5660378336906433,0,0.2,2,0,0,0,
data\raw\train\IHC\01420_train_2+.png,63872.32421875,0.12451012432575226,0,0.2,2,0,0,0,
data\raw\train\IHC\01421_train_2+.png,51568.5625,0.04917961359024048,0,0.2,2,0,1,0,
data\raw\train\IHC\01423_train_2+.png,26467.1015625,0.02524099498987198,0,0.2,2,0,1,0,
data\raw\train\IHC\01424_train_2+.png,102934.8828125,0.7079476714134216,0,0.2,2,0,0,0,
data\raw\train\IHC\01425_train_1+.png,11873.30078125,0.15790224075317383,0,0.2,2,0,0,0,
data\raw\train\IHC\01426_train_2+.png,11.925654411315918,1.1373190318408888e-05,0,0.2,2,1,1,1,
data\raw\train\IHC\01427_train_3+.png,87.0036392211914,0.00014296546578407288,1,0.25,0,1,1,1,
data\raw\train\IHC\01428_train_2+.png,506.9504699707031,0.00048346564290113747,0,0.2,2,0,1,0,
data\raw\train\IHC\01429_train_1+.png,322246.4375,1.2263814210891724,0,0.2,2,0,0,0,
data\raw\train\IHC\01430_train_3+.png,1670.9239501953125,0.008861497044563293,1,0.25,0,0,1,0,
data\raw\train\IHC\01432_train_2+.png,2478.611083984375,0.002363787731155753,0,0.2,2,0,1,0,
data\raw\train\IHC\01433_train_1+.png,387276.09375,0.36933526396751404,0,0.2,2,0,0,0,
data\raw\train\IHC\01436_train_2+.png,611261.875,0.5829447507858276,0,0.2,2,0,0,0,
data\raw\train\IHC\01437_train_2+.png,493790.03125,0.7313663363456726,0,0.2,2,0,0,0,
data\raw\train\IHC\01439_train_2+.png,13950.689453125,0.013304414227604866,0,0.2,2,0,1,0,
data\raw\train\IHC\01440_train_1+.png,337991.375,0.3223336935043335,0,0.2,2,0,0,0,
data\raw\train\IHC\01441_train_1+.png,0.4930908679962158,4.702480964624556e-07,0,0.2,2,1,1,1,
data\raw\train\IHC\01442_train_3+.png,601324.875,0.5734680891036987,1,0.25,0,0,0,0,
data\raw\train\IHC\01443_train_2+.png,99137.53125,0.094544917345047,0,0.2,2,0,0,0,
data\raw\train\IHC\01444_train_0.png,3614.02490234375,0.18478499352931976,0,0.2,2,0,0,0,
data\raw\train\IHC\01447_train_3+.png,30766.099609375,0.049301013350486755,1,0.25,0,0,1,0,
data\raw\train\IHC\01449_train_2+.png,203579.125,0.19414818286895752,0,0.2,2,0,0,0,
data\raw\train\IHC\01450_train_2+.png,4929.80224609375,0.004701425787061453,0,0.2,2,0,1,0,
data\raw\train\IHC\01451_train_3+.png,489292.84375,0.46662601828575134,1,0.25,0,0,0,0,
data\raw\train\IHC\01452_train_2+.png,557135.0625,0.5313253998756409,0,0.2,2,0,0,0,
data\raw\train\IHC\01453_train_3+.png,790464.75,0.9551913142204285,1,0.25,0,0,0,0,
data\raw\train\IHC\01454_train_0.png,6088.8505859375,0.1625514030456543,0,0.2,2,0,0,0,
data\raw\train\IHC\01455_train_2+.png,82598.3125,0.955247163772583,0,0.2,2,0,0,0,
data\raw\train\IHC\01456_train_3+.png,375022.6875,0.5361312031745911,1,0.25,0,0,0,0,
data\raw\train\IHC\01457_train_3+.png,36428.5390625,0.03474096208810806,1,0.25,0,0,1,0,
data\raw\train\IHC\01458_train_3+.png,836.7275390625,0.04216314107179642,1,0.25,0,0,1,0,
data\raw\train\IHC\01459_train_1+.png,113635.640625,0.10837139189243317,0,0.2,2,0,0,0,
data\raw\train\IHC\01460_train_1+.png,330087.9375,0.3147963881492615,0,0.2,2,0,0,0,
data\raw\train\IHC\01461_train_3+.png,55492.73828125,0.7051711678504944,1,0.25,0,0,0,0,
data\raw\train\IHC\01462_train_3+.png,611903.625,0.5839410424232483,1,0.25,0,0,0,0,
data\raw\train\IHC\01463_train_3+.png,167765.3125,0.1599934697151184,1,0.25,0,0,0,0,
data\raw\train\IHC\01464_train_2+.png,106494.0,0.1356481909751892,0,0.2,2,0,0,0,
data\raw\train\IHC\01465_train_2+.png,1128899.375,1.0766023397445679,0,0.2,2,0,0,0,
data\raw\train\IHC\01467_train_2+.png,127034.3359375,0.12114938348531723,0,0.2,2,0,0,0,
data\raw\train\IHC\01468_train_3+.png,1117.49853515625,0.0027334599290043116,1,0.25,0,0,1,0,
data\raw\train\IHC\01471_train_3+.png,138516.890625,0.13211461901664734,1,0.25,0,0,0,0,
data\raw\train\IHC\01472_train_3+.png,63841.7265625,0.060887351632118225,1,0.25,0,0,0,0,
data\raw\train\IHC\01473_train_2+.png,117835.28125,0.15241919457912445,0,0.2,2,0,0,0,
data\raw\train\IHC\01474_train_2+.png,358338.25,0.6392790079116821,0,0.2,2,0,0,0,
data\raw\train\IHC\01475_train_3+.png,115061.515625,0.10973121225833893,1,0.25,0,0,0,0,
data\raw\train\IHC\01476_train_1+.png,145593.796875,1.6220885515213013,0,0.2,2,0,0,0,
data\raw\train\IHC\01477_train_1+.png,699488.9375,0.7173789143562317,0,0.2,2,0,0,0,
data\raw\train\IHC\01478_train_2+.png,0.19931741058826447,1.9008389529062697e-07,0,0.2,2,1,1,1,
data\raw\train\IHC\01479_train_2+.png,3499615.25,3.3374931812286377,0,0.2,2,0,0,0,
data\raw\train\IHC\01480_train_3+.png,1073735.875,1.0239943265914917,1,0.25,0,0,0,0,
data\raw\train\IHC\01481_train_2+.png,3415.232666015625,0.003257019678130746,0,0.2,2,0,1,0,
data\raw\train\IHC\01482_train_3+.png,31268.5390625,1.2074193954467773,1,0.25,0,0,0,0,
data\raw\train\IHC\01483_train_2+.png,10020.3369140625,0.009556137956678867,0,0.2,2,0,1,0,
data\raw\train\IHC\01484_train_2+.png,168282.3125,0.16048651933670044,0,0.2,2,0,0,0,
data\raw\train\IHC\01485_train_2+.png,125.68013000488281,0.00011985791206825525,0,0.2,2,1,1,1,
data\raw\train\IHC\01486_train_2+.png,178619.34375,1.0756702423095703,0,0.2,2,0,0,0,
data\raw\train\IHC\01487_train_2+.png,29.611412048339844,2.8239643143024296e-05,0,0.2,2,1,1,1,
data\raw\train\IHC\01488_train_2+.png,651771.75,1.2086589336395264,0,0.2,2,0,0,0,
data\raw\train\IHC\01489_train_1+.png,256622.21875,0.2447340190410614,0,0.2,2,0,0,0,
data\raw\train\IHC\01491_train_2+.png,613814.9375,1.166208028793335,0,0.2,2,0,0,0,
data\raw\train\IHC\01492_train_2+.png,7602.4580078125,0.007250268943607807,0,0.2,2,0,1,0,
data\raw\train\IHC\01493_train_2+.png,629981.75,0.8912813663482666,0,0.2,2,0,0,0,
data\raw\train\IHC\01494_train_2+.png,884.9105834960938,0.000843916495796293,0,0.2,2,0,1,0,
data\raw\train\IHC\01495_train_3+.png,125957.0859375,0.24275314807891846,1,0.25,0,0,0,0,
data\raw\train\IHC\01496_train_3+.png,18993.3828125,1.185012698173523,1,0.25,0,0,0,0,
data\raw\train\IHC\01497_train_2+.png,27799.22265625,0.026511404663324356,0,0.2,2,0,1,0,
data\raw\train\IHC\01498_train_1+.png,250649.765625,0.9819236993789673,0,0.2,2,0,0,0,
data\raw\train\IHC\01499_train_3+.png,971058.1875,2.6172523498535156,1,0.25,0,0,0,0,
data\raw\train\IHC\01500_train_2+.png,232771.796875,1.0577170848846436,0,0.2,2,0,0,0,
data\raw\train\IHC\01501_train_3+.png,4670.79931640625,0.008144659921526909,1,0.25,0,0,1,0,
data\raw\train\IHC\01502_train_2+.png,1.3397203701970284e-07,1.2776569082231792e-13,0,0.2,2,1,1,1,
data\raw\train\IHC\01504_train_3+.png,888540.375,0.8474565148353577,1,0.25,0,0,0,0,
data\raw\train\IHC\01505_train_2+.png,287.5163269042969,0.00027419693651609123,0,0.2,2,1,1,1,
data\raw\train\IHC\01506_train_1+.png,1205.068115234375,0.0011492425110191107,0,0.2,2,0,1,0,
data\raw\train\IHC\01507_train_1+.png,156298.34375,0.5172632932662964,0,0.2,2,0,0,0,
data\raw\train\IHC\01508_train_2+.png,19386.521484375,0.9189231395721436,0,0.2,2,0,0,0,
data\raw\train\IHC\01509_train_1+.png,4377.349609375,0.1278804987668991,0,0.2,2,0,0,0,
data\raw\train\IHC\01510_train_1+.png,79493.7265625,0.7798013091087341,0,0.2,2,0,0,0,
data\raw\train\IHC\01511_train_3+.png,17618.767578125,0.04824019968509674,1,0.25,0,0,1,0,
data\raw\train\IHC\01512_train_2+.png,1256.8424072265625,0.0011986183235421777,0,0.2,2,0,1,0,
data\raw\train\IHC\01513_train_3+.png,580743.8125,0.6726702451705933,1,0.25,0,0,0,0,
data\raw\train\IHC\01515_train_2+.png,381411.6875,0.868805468082428,0,0.2,2,0,0,0,
data\raw\train\IHC\01516_train_3+.png,13966.5419921875,0.061806242913007736,1,0.25,0,0,0,0,
data\raw\train\IHC\01517_train_1+.png,531305.5,0.5066924095153809,0,0.2,2,0,0,0,
data\raw\train\IHC\01518_train_1+.png,146603.4375,0.7894595861434937,0,0.2,2,0,0,0,
data\raw\train\IHC\01519_train_2+.png,2117705.0,2.0196008682250977,0,0.2,2,0,0,0,
data\raw\train\IHC\01520_train_2+.png,11418.78125,0.5499051809310913,0,0.2,2,0,0,0,
data\raw\train\IHC\01522_train_2+.png,584.5062255859375,0.0005574285751208663,0,0.2,2,0,1,0,
data\raw\train\IHC\01523_train_2+.png,45883.51953125,0.20773711800575256,0,0.2,2,0,0,0,
data\raw\train\IHC\01524_train_3+.png,10897.921875,1.2507656812667847,1,0.25,0,0,0,0,
data\raw\train\IHC\01526_train_2+.png,931.465576171875,0.0008883147966116667,0,0.2,2,0,1,0,
data\raw\train\IHC\01527_train_2+.png,78549.5,1.0857176780700684,0,0.2,2,0,0,0,
data\raw\train\IHC\01528_train_3+.png,199447.234375,0.19028374552726746,1,0.25,0,0,0,0,
data\raw\train\IHC\01529_train_1+.png,20554.154296875,0.4252612888813019,0,0.2,2,0,0,0,
data\raw\train\IHC\01530_train_1+.png,318676.96875,0.4151688516139984,0,0.2,2,0,0,0,
data\raw\train\IHC\01531_train_2+.png,27883.1875,0.026591479778289795,0,0.2,2,0,1,0,
data\raw\train\IHC\01532_train_2+.png,2100353.5,2.0030531883239746,0,0.2,2,0,0,0,
data\raw\train\IHC\01533_train_2+.png,118963.359375,1.0389087200164795,0,0.2,2,0,0,0,
data\raw\train\IHC\01534_train_2+.png,728399.8125,0.6946561932563782,0,0.2,2,0,0,0,
data\raw\train\IHC\01535_train_3+.png,375164.3125,0.4386111795902252,1,0.25,0,0,0,0,
data\raw\train\IHC\01536_train_2+.png,95546.640625,0.6878609657287598,0,0.2,2,0,0,0,
data\raw\train\IHC\01537_train_2+.png,108877.2734375,0.1742047518491745,0,0.2,2,0,0,0,
data\raw\train\IHC\01538_train_2+.png,2179194.75,2.078242063522339,0,0.2,2,0,0,0,
data\raw\train\IHC\01539_train_2+.png,27770.646484375,0.6780273914337158,0,0.2,2,0,0,0,
data\raw\train\IHC\01541_train_2+.png,3052.44482421875,0.06613608449697495,0,0.2,2,0,0,0,
data\raw\train\IHC\01544_train_3+.png,11666.220703125,0.051529016345739365,1,0.25,0,0,0,0,
data\raw\train\IHC\01545_train_0.png,105026.328125,0.839908242225647,0,0.2,2,0,0,0,
data\raw\train\IHC\01546_train_2+.png,451398.0625,1.2530725002288818,0,0.2,2,0,0,0,
data\raw\train\IHC\01547_train_2+.png,466040.53125,0.7411916255950928,0,0.2,2,0,0,0,
data\raw\train\IHC\01548_train_1+.png,563829.5,0.5377097129821777,0,0.2,2,0,0,0,
data\raw\train\IHC\01549_train_2+.png,12825.1435546875,0.6247634291648865,0,0.2,2,0,0,0,
data\raw\train\IHC\01550_train_2+.png,3788.010498046875,0.003612528322264552,0,0.2,2,0,1,0,
data\raw\train\IHC\01551_train_3+.png,106147.625,0.10124281793832779,1,0.25,0,0,0,0,
data\raw\train\IHC\01552_train_2+.png,75958.203125,0.6703042387962341,0,0.2,2,0,0,0,
data\raw\train\IHC\01553_train_2+.png,340.6007385253906,0.0003248221764806658,0,0.2,2,1,1,1,
data\raw\train\IHC\01554_train_3+.png,30698.31640625,0.02933264710009098,1,0.25,0,0,1,0,
data\raw\train\IHC\01555_train_3+.png,1467326.125,1.3993512392044067,1,0.25,0,0,0,0,
data\raw\train\IHC\01557_train_1+.png,239.85882568359375,0.00022874720161780715,0,0.2,2,1,1,1,
data\raw\train\IHC\01558_train_2+.png,8707.1591796875,0.008303794078528881,0,0.2,2,0,1,0,
data\raw\train\IHC\01559_train_3+.png,128962.328125,0.3667953908443451,1,0.25,0,0,0,0,
data\raw\train\IHC\01563_train_0.png,149648.015625,0.15308712422847748,0,0.2,2,0,0,0,
data\raw\train\IHC\01564_train_1+.png,795991.75,0.7591168880462646,0,0.2,2,0,0,0,
data\raw\train\IHC\01565_train_3+.png,668694.25,0.7387458086013794,1,0.25,0,0,0,0,
data\raw\train\IHC\01566_train_3+.png,1330299.0,2.688260078430176,1,0.25,0,0,0,0,
data\raw\train\IHC\01567_train_3+.png,6099.34228515625,0.24534763395786285,1,0.25,0,0,0,0,
data\raw\train\IHC\01568_train_3+.png,503.9447326660156,0.0004807091609109193,1,0.25,0,0,1,0,
data\raw\train\IHC\01569_train_3+.png,506874.875,0.5789746046066284,1,0.25,0,0,0,0,
data\raw\train\IHC\01570_train_2+.png,472571.28125,0.45067909359931946,0,0.2,2,0,0,0,
data\raw\train\IHC\01571_train_3+.png,4776.5517578125,0.26301148533821106,1,0.25,0,0,0,0,
data\raw\train\IHC\01572_train_1+.png,70031.953125,0.45888590812683105,0,0.2,2,0,0,0,
data\raw\train\IHC\01573_train_3+.png,676828.0,0.6454747319221497,1,0.25,0,0,0,0,
data\raw\train\IHC\01575_train_2+.png,68751.9296875,0.36939966678619385,0,0.2,2,0,0,0,
data\raw\train\IHC\01576_train_1+.png,38250.92578125,0.45902395248413086,0,0.2,2,0,0,0,
data\raw\train\IHC\01577_train_1+.png,61398.59375,0.8871859908103943,0,0.2,2,0,0,0,
data\raw\train\IHC\01578_train_3+.png,113728.0625,0.10912380367517471,1,0.25,0,0,0,0,
data\raw\train\IHC\01579_train_3+.png,6462.1044921875,0.02270815335214138,1,0.25,0,0,1,0,
data\raw\train\IHC\01580_train_2+.png,5941.60400390625,0.21515856683254242,0,0.2,2,0,0,0,
data\raw\train\IHC\01581_train_2+.png,5273.2607421875,0.005028973333537579,0,0.2,2,0,1,0,
data\raw\train\IHC\01582_train_2+.png,111198.1171875,0.10604678839445114,0,0.2,2,0,0,0,
data\raw\train\IHC\01583_train_1+.png,17118.328125,0.01632530987262726,0,0.2,2,0,1,0,
data\raw\train\IHC\01584_train_3+.png,633.7813720703125,0.05835924297571182,1,0.25,0,0,0,0,
data\raw\train\IHC\01585_train_2+.png,10335.0947265625,0.16258840262889862,0,0.2,2,0,0,0,
data\raw\train\IHC\01586_train_2+.png,30.445953369140625,2.903552376665175e-05,0,0.2,2,1,1,1,
data\raw\train\IHC\01587_train_3+.png,15420.3759765625,0.845879077911377,1,0.25,0,0,0,0,
data\raw\train\IHC\01588_train_2+.png,3004.1162109375,0.009424412623047829,0,0.2,2,0,1,0,
data\raw\train\IHC\01589_train_2+.png,30072.4140625,0.8737409114837646,0,0.2,2,0,0,0,
data\raw\train\IHC\01590_train_2+.png,62363.45703125,0.8382635712623596,0,0.2,2,0,0,0,
data\raw\train\IHC\01591_train_3+.png,327987.1875,0.31279295682907104,1,0.25,0,0,0,0,
data\raw\train\IHC\01592_train_2+.png,802.9837036132812,0.0007657849346287549,0,0.2,2,0,1,0,
data\raw\train\IHC\01593_train_1+.png,1112742.75,1.0611941814422607,0,0.2,2,0,0,0,
data\raw\train\IHC\01594_train_3+.png,239114.75,0.22803890705108643,1,0.25,0,0,0,0,
data\raw\train\IHC\01595_train_1+.png,460142.15625,0.4388257563114166,0,0.2,2,0,0,0,
data\raw\train\IHC\01596_train_3+.png,26706.728515625,0.16967317461967468,1,0.25,0,0,0,0,
data\raw\train\IHC\01597_train_2+.png,187550.5,0.3219817280769348,0,0.2,2,0,0,0,
data\raw\train\IHC\01598_train_2+.png,1.7317333221435547,1.6515095921931788e-06,0,0.2,2,1,1,1,
data\raw\train\IHC\01599_train_3+.png,0.7472938299179077,7.130061021598522e-07,1,0.25,0,1,1,1,
data\raw\train\IHC\01600_train_2+.png,330521.40625,0.703867495059967,0,0.2,2,0,0,0,
data\raw\train\IHC\01601_train_2+.png,29748.859375,0.2102913111448288,0,0.2,2,0,0,0,
data\raw\train\IHC\01602_train_1+.png,1178085.75,1.1235101222991943,0,0.2,2,0,0,0,
data\raw\train\IHC\01604_train_2+.png,113944.9375,0.23767495155334473,0,0.2,2,0,0,0,
data\raw\train\IHC\01605_train_2+.png,165834.34375,0.9861582517623901,0,0.2,2,0,0,0,
data\raw\train\IHC\01606_train_3+.png,12104.1689453125,1.4897438287734985,1,0.25,0,0,0,0,
data\raw\train\IHC\01607_train_0.png,160237.671875,0.44012632966041565,0,0.2,2,0,0,0,
data\raw\train\IHC\01608_train_3+.png,285574.8125,0.9535752534866333,1,0.25,0,0,0,0,
data\raw\train\IHC\01609_train_2+.png,115499.5390625,1.0139275789260864,0,0.2,2,0,0,0,
data\raw\train\IHC\01610_train_3+.png,6530.630859375,0.012947170995175838,1,0.25,0,0,1,0,
data\raw\train\IHC\01611_train_1+.png,222068.953125,0.21178145706653595,0,0.2,2,0,0,0,
data\raw\train\IHC\01612_train_3+.png,296470.09375,0.2827413082122803,1,0.25,0,0,0,0,
data\raw\train\IHC\01613_train_2+.png,3724.7529296875,0.0035522012040019035,0,0.2,2,0,1,0,
data\raw\train\IHC\01614_train_2+.png,12982.15625,0.012380748987197876,0,0.2,2,0,1,0,
data\raw\train\IHC\01615_train_3+.png,48765.5703125,0.09622251242399216,1,0.25,0,0,0,0,
data\raw\train\IHC\01616_train_3+.png,403310.75,0.6875220537185669,1,0.25,0,0,0,0,
data\raw\train\IHC\01617_train_3+.png,278.9985656738281,0.0002681255282368511,1,0.25,0,1,1,1,
data\raw\train\IHC\01618_train_1+.png,26310.810546875,0.6402435898780823,0,0.2,2,0,0,0,
data\raw\train\IHC\01619_train_2+.png,143398.890625,0.19867561757564545,0,0.2,2,0,0,0,
data\raw\train\IHC\01621_train_1+.png,11554.3720703125,0.011019107885658741,0,0.2,2,0,1,0,
data\raw\train\IHC\01622_train_1+.png,6.511353015899658,6.209710136317881e-06,0,0.2,2,1,1,1,
data\raw\train\IHC\01624_train_2+.png,114920.1484375,0.8070858716964722,0,0.2,2,0,0,0,
data\raw\train\IHC\01625_train_2+.png,170128.0625,0.5384293794631958,0,0.2,2,0,0,0,
data\raw\train\IHC\01626_train_1+.png,17993.349609375,0.2510162889957428,0,0.2,2,0,0,0,
data\raw\train\IHC\01627_train_1+.png,473828.84375,0.4518783986568451,0,0.2,2,0,0,0,
data\raw\train\IHC\01628_train_1+.png,24343.828125,0.4007808268070221,0,0.2,2,0,0,0,
data\raw\train\IHC\01630_train_1+.png,113998.359375,0.6613584756851196,0,0.2,2,0,0,0,
data\raw\train\IHC\01632_train_1+.png,32266.54296875,0.03077177330851555,0,0.2,2,0,1,0,
data\raw\train\IHC\01633_train_2+.png,367114.8125,1.2042236328125,0,0.2,2,0,0,0,
data\raw\train\IHC\01634_train_1+.png,59579.69921875,1.2338151931762695,0,0.2,2,0,0,0,
data\raw\train\IHC\01635_train_1+.png,113559.9140625,0.6487914323806763,0,0.2,2,0,0,0,
data\raw\train\IHC\01636_train_3+.png,3431.28271484375,0.0062422482296824455,1,0.25,0,0,1,0,
data\raw\train\IHC\01637_train_1+.png,87148.8515625,0.8021063208580017,0,0.2,2,0,0,0,
data\raw\train\IHC\01638_train_2+.png,323714.65625,1.3507020473480225,0,0.2,2,0,0,0,
data\raw\train\IHC\01639_train_2+.png,91797.46875,0.08754488825798035,0,0.2,2,0,0,0,
data\raw\train\IHC\01641_train_3+.png,1935.98046875,0.0018463124288246036,1,0.25,0,0,1,0,
data\raw\train\IHC\01643_train_0.png,34826.59375,0.10849642753601074,0,0.2,2,0,0,0,
data\raw\train\IHC\01644_train_2+.png,88809.6640625,0.8995296359062195,0,0.2,2,0,0,0,
data\raw\train\IHC\01645_train_2+.png,1438.9598388671875,0.003788451198488474,0,0.2,2,0,1,0,
data\raw\train\IHC\01646_train_2+.png,498.94677734375,0.0004758327268064022,0,0.2,2,1,1,1,
data\raw\train\IHC\01647_train_2+.png,2022169.5,1.9284911155700684,0,0.2,2,0,0,0,
data\raw\train\IHC\01648_train_3+.png,190831.75,0.2595658302307129,1,0.25,0,0,0,0,
data\raw\train\IHC\01649_train_1+.png,200724.546875,0.650256872177124,0,0.2,2,0,0,0,
data\raw\train\IHC\01650_train_1+.png,43069.984375,0.041074737906455994,0,0.2,2,0,1,0,
data\raw\train\IHC\01651_train_2+.png,66430.828125,0.3249436318874359,0,0.2,2,0,0,0,
data\raw\train\IHC\01652_train_1+.png,80172.0390625,0.7005840539932251,0,0.2,2,0,0,0,
data\raw\train\IHC\01653_train_3+.png,1.9266636371612549,1.8377899095867178e-06,1,0.25,0,1,1,1,
data\raw\train\IHC\01654_train_1+.png,1446972.75,1.3799407482147217,0,0.2,2,0,0,0,
data\raw\train\IHC\01655_train_3+.png,1.3372867107391357,1.2756352134601912e-06,1,0.25,0,1,1,1,
data\raw\train\IHC\01656_train_2+.png,17038.76171875,0.016249429434537888,0,0.2,2,0,1,0,
data\raw\train\IHC\01657_train_2+.png,46672.56640625,0.6599067449569702,0,0.2,2,0,0,0,
data\raw\train\IHC\01658_train_3+.png,3338944.5,3.1993932723999023,1,0.25,0,0,0,0,
data\raw\train\IHC\01659_train_0.png,303321.25,0.5487315654754639,0,0.2,2,0,0,0,
data\raw\train\IHC\01660_train_2+.png,483.0813293457031,0.00046070225653238595,0,0.2,2,1,1,1,
data\raw\train\IHC\01661_train_1+.png,165920.78125,1.7004610300064087,0,0.2,2,0,0,0,
data\raw\train\IHC\01663_train_3+.png,691336.0625,0.6596195697784424,1,0.25,0,0,0,0,
data\raw\train\IHC\01664_train_2+.png,61149.1328125,0.35683560371398926,0,0.2,2,0,0,0,
data\raw\train\IHC\01665_train_0.png,1294392.625,1.4572275876998901,0,0.2,2,0,0,0,
data\raw\train\IHC\01666_train_1+.png,299152.78125,0.2852943241596222,0,0.2,2,0,0,0,
data\raw\train\IHC\01667_train_1+.png,407970.9375,0.44492992758750916,0,0.2,2,0,0,0,
data\raw\train\IHC\01669_train_3+.png,352886.21875,0.766830563545227,1,0.25,0,0,0,0,
data\raw\train\IHC\01670_train_2+.png,20.877077102661133,1.990993223444093e-05,0,0.2,2,1,1,1,
data\raw\train\IHC\01672_train_2+.png,152.15719604492188,0.00014510840992443264,0,0.2,2,1,1,1,
data\raw\train\IHC\01673_train_2+.png,8.208055078284815e-06,7.82781131580812e-12,0,0.2,2,1,1,1,
data\raw\train\IHC\01674_train_2+.png,130.71697998046875,0.000124661426525563,0,0.2,2,1,1,1,
data\raw\train\IHC\01675_train_3+.png,3356.668701171875,0.2104494422674179,1,0.25,0,0,0,0,
data\raw\train\IHC\01676_train_1+.png,147287.734375,1.1655553579330444,0,0.2,2,0,0,0,
data\raw\train\IHC\01677_train_3+.png,76689.2265625,0.07318072021007538,1,0.25,0,0,0,0,
data\raw\train\IHC\01679_train_2+.png,15999.3701171875,0.04392378404736519,0,0.2,2,0,1,0,
data\raw\train\IHC\01681_train_3+.png,1470009.875,1.4162640571594238,1,0.25,0,0,0,0,
data\raw\train\IHC\01682_train_3+.png,9381.53125,0.008953269571065903,1,0.25,0,0,1,0,
data\raw\train\IHC\01683_train_2+.png,120959.1171875,0.11535560339689255,0,0.2,2,0,0,0,
data\raw\train\IHC\01684_train_3+.png,171294.28125,0.2531961500644684,1,0.25,0,0,0,0,
data\raw\train\IHC\01686_train_2+.png,54158.0703125,1.460770606994629,0,0.2,2,0,0,0,
data\raw\train\IHC\01687_train_2+.png,122680.171875,0.11699692904949188,0,0.2,2,0,0,0,
data\raw\train\IHC\01689_train_2+.png,120856.046875,0.17905713617801666,0,0.2,2,0,0,0,
data\raw\train\IHC\01690_train_3+.png,216936.46875,0.20763862133026123,1,0.25,0,0,0,0,
data\raw\train\IHC\01692_train_2+.png,254671.453125,0.5720576047897339,0,0.2,2,0,0,0,
data\raw\train\IHC\01694_train_1+.png,74940.046875,0.902642011642456,0,0.2,2,0,0,0,
data\raw\train\IHC\01695_train_3+.png,1469067.75,1.4103600978851318,1,0.25,0,0,0,0,
data\raw\train\IHC\01696_train_3+.png,0.0693235993385315,6.61329480067252e-08,1,0.25,0,1,1,1,
data\raw\train\IHC\01698_train_0.png,1102188.25,1.134704351425171,0,0.2,2,0,0,0,
data\raw\train\IHC\01699_train_1+.png,1178594.875,1.1239956617355347,0,0.2,2,0,0,0,
data\raw\train\IHC\01700_train_1+.png,0.0016502466751262546,1.5737978698027177e-09,0,0.2,2,1,1,1,
data\raw\train\IHC\01701_train_2+.png,148296.46875,1.0936640501022339,0,0.2,2,0,0,0,
data\raw\train\IHC\01702_train_1+.png,264411.625,1.4109402894973755,0,0.2,2,0,0,0,
data\raw\train\IHC\01703_train_2+.png,29146.333984375,0.02779611013829708,0,0.2,2,0,1,0,
data\raw\train\IHC\01704_train_3+.png,1535337.0,1.46825110912323,1,0.25,0,0,0,0,
data\raw\train\IHC\01705_train_2+.png,177277.140625,0.7865769267082214,0,0.2,2,0,0,0,
data\raw\train\IHC\01706_train_3+.png,32.578060150146484,0.0002294698206242174,1,0.25,0,1,1,1,
data\raw\train\IHC\01707_train_2+.png,8464.734375,0.07353988289833069,0,0.2,2,0,0,0,
data\raw\train\IHC\01708_train_2+.png,116274.578125,0.11088807880878448,0,0.2,2,0,0,0,
data\raw\train\IHC\01709_train_2+.png,1148622.5,1.095411777496338,0,0.2,2,0,0,0,
data\raw\train\IHC\01710_train_2+.png,204468.046875,0.1949959248304367,0,0.2,2,0,0,0,
data\raw\train\IHC\01711_train_0.png,39893.4375,0.7506667971611023,0,0.2,2,0,0,0,
data\raw\train\IHC\01712_train_2+.png,545895.25,0.7769589424133301,0,0.2,2,0,0,0,
data\raw\train\IHC\01715_train_3+.png,85204.1953125,1.27054762840271,1,0.25,0,0,0,0,
data\raw\train\IHC\01716_train_2+.png,77.38776397705078,7.380272290902212e-05,0,0.2,2,1,1,1,
data\raw\train\IHC\01717_train_0.png,34860.390625,0.08196794241666794,0,0.2,2,0,0,0,
data\raw\train\IHC\01718_train_2+.png,4401.974609375,0.0041980501264333725,0,0.2,2,0,1,0,
data\raw\train\IHC\01719_train_1+.png,49673.1171875,0.54068922996521,0,0.2,2,0,0,0,
data\raw\train\IHC\01720_train_2+.png,10829.5390625,0.010327853262424469,0,0.2,2,0,1,0,
data\raw\train\IHC\01721_train_2+.png,363798.59375,1.1045923233032227,0,0.2,2,0,0,0,
data\raw\train\IHC\01722_train_2+.png,175546.328125,0.16741402447223663,0,0.2,2,0,0,0,
data\raw\train\IHC\01723_train_2+.png,674741.3125,0.6434834599494934,0,0.2,2,0,0,0,
data\raw\train\IHC\01724_train_1+.png,376241.53125,0.3588118851184845,0,0.2,2,0,0,0,
data\raw\train\IHC\01725_train_2+.png,1126095.0,1.073927879333496,0,0.2,2,0,0,0,
data\raw\train\IHC\01726_train_3+.png,171878.734375,0.16392117738723755,1,0.25,0,0,0,0,
data\raw\train\IHC\01727_train_2+.png,107440.53125,0.7736881971359253,0,0.2,2,0,0,0,
data\raw\train\IHC\01729_train_0.png,36383.0390625,1.1069778203964233,0,0.2,2,0,0,0,
data\raw\train\IHC\01730_train_1+.png,3290.129150390625,0.10327806323766708,0,0.2,2,0,0,0,
data\raw\train\IHC\01731_train_1+.png,780484.5,0.832371175289154,0,0.2,2,0,0,0,
data\raw\train\IHC\01733_train_2+.png,112.64508056640625,0.0006723835249431431,0,0.2,2,1,1,1,
data\raw\train\IHC\01735_train_2+.png,2434.408935546875,0.0023216332774609327,0,0.2,2,0,1,0,
data\raw\train\IHC\01736_train_1+.png,0.04421984776854515,4.2171333092255736e-08,0,0.2,2,1,1,1,
data\raw\train\IHC\01737_train_2+.png,157583.21875,0.721706748008728,0,0.2,2,0,0,0,
data\raw\train\IHC\01738_train_1+.png,681627.4375,0.6500505805015564,0,0.2,2,0,0,0,
data\raw\train\IHC\01739_train_2+.png,188358.203125,0.17963238060474396,0,0.2,2,0,0,0,
data\raw\train\IHC\01740_train_2+.png,373880.0,0.35655975341796875,0,0.2,2,0,0,0,
data\raw\train\IHC\01741_train_3+.png,495772.4375,0.4741860628128052,1,0.25,0,0,0,0,
data\raw\train\IHC\01742_train_2+.png,1098.3720703125,0.001047489233314991,0,0.2,2,0,1,0,
data\raw\train\IHC\01743_train_2+.png,339831.875,0.9587204456329346,0,0.2,2,0,0,0,
data\raw\train\IHC\01744_train_2+.png,29779.513671875,0.36810731887817383,0,0.2,2,0,0,0,
data\raw\train\IHC\01745_train_3+.png,111870.84375,0.1066952720284462,1,0.25,0,0,0,0,
data\raw\train\IHC\01746_train_0.png,214728.421875,0.33976930379867554,0,0.2,2,0,0,0,
data\raw\train\IHC\01747_train_1+.png,9483.58203125,0.14891156554222107,0,0.2,2,0,0,0,
data\raw\train\IHC\01748_train_1+.png,48985.94140625,0.5021160840988159,0,0.2,2,0,0,0,
data\raw\train\IHC\01749_train_2+.png,103783.6875,0.09897583723068237,0,0.2,2,0,0,0,
data\raw\train\IHC\01750_train_1+.png,29132.771484375,0.176189586520195,0,0.2,2,0,0,0,
data\raw\train\IHC\01752_train_2+.png,834.3674926757812,0.0007957148482091725,0,0.2,2,0,1,0,
data\raw\train\IHC\01753_train_0.png,97427.6875,0.11301978677511215,0,0.2,2,0,0,0,
data\raw\train\IHC\01754_train_2+.png,12558.1015625,0.011976338922977448,0,0.2,2,0,1,0,
data\raw\train\IHC\01755_train_3+.png,1351713.25,1.2890942096710205,1,0.25,0,0,0,0,
data\raw\train\IHC\01756_train_2+.png,335127.8125,0.3196027874946594,0,0.2,2,0,0,0,
data\raw\train\IHC\01758_train_2+.png,2785795.5,2.6567416191101074,0,0.2,2,0,0,0,
data\raw\train\IHC\01759_train_2+.png,1.3911052942276,1.3266613905216218e-06,0,0.2,2,1,1,1,
data\raw\train\IHC\01761_train_1+.png,829.7131958007812,0.0007912761648185551,0,0.2,2,0,1,0,
data\raw\train\IHC\01762_train_2+.png,1887.5028076171875,0.001800062949769199,0,0.2,2,0,1,0,
data\raw\train\IHC\01763_train_3+.png,1112196.375,2.7255306243896484,1,0.25,0,0,0,0,
data\raw\train\IHC\01764_train_2+.png,48087.88671875,0.2800545394420624,0,0.2,2,0,0,0,
data\raw\train\IHC\01765_train_2+.png,106140.921875,0.6487870812416077,0,0.2,2,0,0,0,
data\raw\train\IHC\01766_train_2+.png,341.7527770996094,0.0003259208460804075,0,0.2,2,1,1,1,
data\raw\train\IHC\01767_train_1+.png,157000.71875,0.14972755312919617,0,0.2,2,0,0,0,
data\raw\train\IHC\01769_train_3+.png,7827.0400390625,0.9423356652259827,1,0.25,0,0,0,0,
data\raw\train\IHC\01770_train_3+.png,108030.875,0.40655753016471863,1,0.25,0,0,0,0,
data\raw\train\IHC\01771_train_2+.png,10849.2421875,0.11621614545583725,0,0.2,2,0,0,0,
data\raw\train\IHC\01772_train_2+.png,72659.8359375,0.6965692639350891,0,0.2,2,0,0,0,
data\raw\train\IHC\01773_train_3+.png,97554.921875,0.0946846529841423,1,0.25,0,0,0,0,
data\raw\train\IHC\01774_train_2+.png,5557.55810546875,0.08866981416940689,0,0.2,2,0,0,0,
data\raw\train\IHC\01776_train_2+.png,154412.34375,0.14725908637046814,0,0.2,2,0,0,0,
data\raw\train\IHC\01777_train_3+.png,64322.29296875,1.0096898078918457,1,0.25,0,0,0,0,
data\raw\train\IHC\01778_train_1+.png,5334.4599609375,0.005087337456643581,0,0.2,2,0,1,0,
data\raw\train\IHC\01779_train_0.png,97795.7890625,0.6981374025344849,0,0.2,2,0,0,0,
data\raw\train\IHC\01780_train_2+.png,228.24679565429688,0.0002176731068175286,0,0.2,2,1,1,1,
data\raw\train\IHC\01781_train_3+.png,13678.646484375,0.013098287396132946,1,0.25,0,0,1,0,
data\raw\train\IHC\01782_train_3+.png,876657.6875,0.8360459208488464,1,0.25,0,0,0,0,
data\raw\train\IHC\01783_train_2+.png,53658.05078125,0.05117230489850044,0,0.2,2,0,0,0,
data\raw\train\IHC\01785_train_3+.png,136102.078125,0.1299223154783249,1,0.25,0,0,0,0,
data\raw\train\IHC\01786_train_3+.png,18239.337890625,0.017399830743670464,1,0.25,0,0,1,0,
data\raw\train\IHC\01787_train_2+.png,14509.869140625,0.08373220264911652,0,0.2,2,0,0,0,
data\raw\train\IHC\01789_train_2+.png,608877.8125,0.5806711316108704,0,0.2,2,0,0,0,
data\raw\train\IHC\01790_train_1+.png,557869.875,0.5320261716842651,0,0.2,2,0,0,0,
data\raw\train\IHC\01791_train_3+.png,80994.984375,0.09995690733194351,1,0.25,0,0,0,0,
data\raw\train\IHC\01792_train_1+.png,119404.8828125,1.4788631200790405,0,0.2,2,0,0,0,
data\raw\train\IHC\01793_train_1+.png,69880.8125,0.2798691689968109,0,0.2,2,0,0,0,
data\raw\train\IHC\01794_train_2+.png,16642.44140625,0.01587146893143654,0,0.2,2,0,1,0,
data\raw\train\IHC\01795_train_2+.png,120262.703125,0.5127970576286316,0,0.2,2,0,0,0,
data\raw\train\IHC\01796_train_2+.png,19622.240234375,0.018713226541876793,0,0.2,2,0,1,0,
data\raw\train\IHC\01797_train_1+.png,258595.578125,0.29400429129600525,0,0.2,2,0,0,0,
data\raw\train\IHC\01798_train_2+.png,561.267578125,0.01690259575843811,0,0.2,2,0,1,0,
data\raw\train\IHC\01799_train_2+.png,0.003459376050159335,3.299118089827857e-09,0,0.2,2,1,1,1,
data\raw\train\IHC\01800_train_3+.png,690795.5625,0.668807864189148,1,0.25,0,0,0,0,
data\raw\train\IHC\01801_train_2+.png,1164345.375,1.1104062795639038,0,0.2,2,0,0,0,
data\raw\train\IHC\01803_train_2+.png,65309.80859375,0.9265117049217224,0,0.2,2,0,0,0,
data\raw\train\IHC\01804_train_3+.png,336511.1875,0.3215768337249756,1,0.25,0,0,0,0,
data\raw\train\IHC\01805_train_2+.png,934383.375,0.8910974264144897,0,0.2,2,0,0,0,
data\raw\train\IHC\01807_train_3+.png,109771.734375,0.10470505803823471,1,0.25,0,0,0,0,
data\raw\train\IHC\01808_train_2+.png,2.452141761779785,2.338544618396554e-06,0,0.2,2,1,1,1,
data\raw\train\IHC\01809_train_3+.png,606.7378540039062,0.027050282806158066,1,0.25,0,0,1,0,
data\raw\train\IHC\01811_train_2+.png,23271.0546875,0.7262672185897827,0,0.2,2,0,0,0,
data\raw\train\IHC\01812_train_3+.png,20394.205078125,0.23438921570777893,1,0.25,0,0,0,0,
data\raw\train\IHC\01813_train_3+.png,244666.359375,1.0613579750061035,1,0.25,0,0,0,0,
data\raw\train\IHC\01814_train_1+.png,14.95158863067627,1.425894606654765e-05,0,0.2,2,1,1,1,
data\raw\train\IHC\01815_train_3+.png,673717.4375,0.6425370573997498,1,0.25,0,0,0,0,
data\raw\train\IHC\01816_train_2+.png,12535.1572265625,0.9353896975517273,0,0.2,2,0,0,0,
data\raw\train\IHC\01817_train_2+.png,52721.9140625,0.3310222625732422,0,0.2,2,0,0,0,
data\raw\train\IHC\01818_train_2+.png,98.78701782226562,9.42106416914612e-05,0,0.2,2,1,1,1,
data\raw\train\IHC\01819_train_3+.png,1.865323728811319e-10,1.7789163612086161e-16,1,0.25,0,1,1,1,
data\raw\train\IHC\01820_train_3+.png,202201.875,0.19585005939006805,1,0.25,0,0,0,0,
data\raw\train\IHC\01821_train_1+.png,616038.5625,0.8184057474136353,0,0.2,2,0,0,0,
data\raw\train\IHC\01822_train_0.png,759491.5,1.3313504457473755,0,0.2,2,0,0,0,
data\raw\train\IHC\01824_train_2+.png,1963201.875,1.8722552061080933,0,0.2,2,0,0,0,
data\raw\train\IHC\01825_train_2+.png,37937.97265625,0.03618047013878822,0,0.2,2,0,1,0,
data\raw\train\IHC\01826_train_3+.png,6596.306640625,0.013103040866553783,1,0.25,0,0,1,0,
data\raw\train\IHC\01827_train_2+.png,2017119.875,1.9236754179000854,0,0.2,2,0,0,0,
data\raw\train\IHC\01828_train_2+.png,1609189.0,1.534642219543457,0,0.2,2,0,0,0,
data\raw\train\IHC\01829_train_1+.png,875702.75,0.9037553071975708,0,0.2,2,0,0,0,
data\raw\train\IHC\01830_train_3+.png,758903.5,0.7237861156463623,1,0.25,0,0,0,0,
data\raw\train\IHC\01831_train_3+.png,4567906.5,4.386725902557373,1,0.25,0,0,0,0,
data\raw\train\IHC\01832_train_3+.png,128903.4765625,0.6771883368492126,1,0.25,0,0,0,0,
data\raw\train\IHC\01833_train_1+.png,141942.90625,0.9656045436859131,0,0.2,2,0,0,0,
data\raw\train\IHC\01834_train_3+.png,1587287.5,1.5138015747070312,1,0.25,0,0,0,0,
data\raw\train\IHC\01835_train_1+.png,71408.7578125,0.6470470428466797,0,0.2,2,0,0,0,
data\raw\train\IHC\01836_train_2+.png,25238.0390625,0.17390792071819305,0,0.2,2,0,0,0,
data\raw\train\IHC\01838_train_2+.png,470282.5,0.44849634170532227,0,0.2,2,0,0,0,
data\raw\train\IHC\01840_train_2+.png,290796.40625,0.49371710419654846,0,0.2,2,0,0,0,
data\raw\train\IHC\01841_train_2+.png,191096.859375,1.4538382291793823,0,0.2,2,0,0,0,
data\raw\train\IHC\01842_train_2+.png,24.870712280273438,2.3718559532426298e-05,0,0.2,2,1,1,1,
data\raw\train\IHC\01843_train_3+.png,9751.1669921875,2.0088930130004883,1,0.25,0,0,0,0,
data\raw\train\IHC\01844_train_2+.png,418433.71875,0.3990494906902313,0,0.2,2,0,0,0,
data\raw\train\IHC\01846_train_3+.png,21753.896484375,1.3255679607391357,1,0.25,0,0,0,0,
data\raw\train\IHC\01847_train_1+.png,523323.28125,0.7520817518234253,0,0.2,2,0,0,0,
data\raw\train\IHC\01848_train_2+.png,152483.328125,1.099446415901184,0,0.2,2,0,0,0,
data\raw\train\IHC\01849_train_0.png,6382.65625,0.0690203458070755,0,0.2,2,0,0,0,
data\raw\train\IHC\01850_train_1+.png,334972.46875,0.3194546401500702,0,0.2,2,0,0,0,
data\raw\train\IHC\01851_train_3+.png,386312.59375,0.4660584628582001,1,0.25,0,0,0,0,
data\raw\train\IHC\01852_train_2+.png,43087.12109375,0.24404500424861908,0,0.2,2,0,0,0,
data\raw\train\IHC\01853_train_2+.png,1331438.75,1.269758939743042,0,0.2,2,0,0,0,
data\raw\train\IHC\01854_train_0.png,64516.4765625,0.6966996192932129,0,0.2,2,0,0,0,
data\raw\train\IHC\01855_train_1+.png,206403.546875,0.9278607368469238,0,0.2,2,0,0,0,
data\raw\train\IHC\01856_train_2+.png,148.68478393554688,0.00014179685967974365,0,0.2,2,1,1,1,
data\raw\train\IHC\01857_train_2+.png,14317.3916015625,0.013654128648340702,0,0.2,2,0,1,0,
data\raw\train\IHC\01858_train_3+.png,44298.8671875,1.3594447374343872,1,0.25,0,0,0,0,
data\raw\train\IHC\01859_train_0.png,190720.28125,1.0493261814117432,0,0.2,2,0,0,0,
data\raw\train\IHC\01860_train_2+.png,0.0005736089660786092,5.470361386095135e-10,0,0.2,2,1,1,1,
data\raw\train\IHC\01861_train_2+.png,488818.25,0.7223591208457947,0,0.2,2,0,0,0,
data\raw\train\IHC\01862_train_3+.png,802042.4375,0.7649135589599609,1,0.25,0,0,0,0,
data\raw\train\IHC\01864_train_2+.png,35957.9296875,0.034292154014110565,0,0.2,2,0,1,0,
data\raw\train\IHC\01865_train_3+.png,9678.455078125,0.009407884441316128,1,0.25,0,0,1,0,
data\raw\train\IHC\01866_train_3+.png,307765.125,0.2994633913040161,1,0.25,0,0,0,0,
data\raw\train\IHC\01867_train_1+.png,3.089017930335558e-10,2.9459170630794125e-16,0,0.2,2,1,1,1,
data\raw\train\IHC\01868_train_2+.png,154613.390625,0.14745081961154938,0,0.2,2,0,0,0,
data\raw\train\IHC\01869_train_1+.png,457724.03125,0.43651965260505676,0,0.2,2,0,0,0,
data\raw\train\IHC\01870_train_1+.png,309227.75,0.31545451283454895,0,0.2,2,0,0,0,
data\raw\train\IHC\01871_train_2+.png,1079.66455078125,0.0010296483524143696,0,0.2,2,0,1,0,
data\raw\train\IHC\01872_train_3+.png,6130.078125,0.39671745896339417,1,0.25,0,0,0,0,
data\raw\train\IHC\01873_train_0.png,11331.79296875,0.8301680088043213,0,0.2,2,0,0,0,
data\raw\train\IHC\01875_train_1+.png,482408.46875,0.5533952713012695,0,0.2,2,0,0,0,
data\raw\train\IHC\01876_train_2+.png,124.50455474853516,0.1307820975780487,0,0.2,2,1,0,0,
data\raw\train\IHC\01877_train_1+.png,170757.953125,1.0482057332992554,0,0.2,2,0,0,0,
data\raw\train\IHC\01878_train_2+.png,22739.060546875,0.6497431397438049,0,0.2,2,0,0,0,
data\raw\train\IHC\01880_train_0.png,819714.75,1.8250519037246704,0,0.2,2,0,0,0,
data\raw\train\IHC\01881_train_2+.png,82404.7421875,0.3042662739753723,0,0.2,2,0,0,0,
data\raw\train\IHC\01882_train_2+.png,154384.125,0.3620836138725281,0,0.2,2,0,0,0,
data\raw\train\IHC\01883_train_2+.png,2333.197021484375,0.00222511007450521,0,0.2,2,0,1,0,
data\raw\train\IHC\01884_train_2+.png,3408.711181640625,0.0061791641637682915,0,0.2,2,0,1,0,
data\raw\train\IHC\01885_train_2+.png,176965.125,0.16876709461212158,0,0.2,2,0,0,0,
data\raw\train\IHC\01886_train_2+.png,35753.59375,0.7586486339569092,0,0.2,2,0,0,0,
data\raw\train\IHC\01887_train_2+.png,26597.587890625,1.1565676927566528,0,0.2,2,0,0,0,
data\raw\train\IHC\01889_train_1+.png,166449.34375,0.527953028678894,0,0.2,2,0,0,0,
data\raw\train\IHC\01890_train_2+.png,3444.395263671875,0.0032848312985152006,0,0.2,2,0,1,0,
data\raw\train\IHC\01891_train_2+.png,201.12939453125,0.0001918119378387928,0,0.2,2,1,1,1,
data\raw\train\IHC\01892_train_3+.png,84213.671875,0.16122138500213623,1,0.25,0,0,0,0,
data\raw\train\IHC\01893_train_2+.png,2443.898193359375,0.06542184203863144,0,0.2,2,0,0,0,
data\raw\train\IHC\01894_train_3+.png,215133.21875,0.20523396134376526,1,0.25,0,0,0,0,
data\raw\train\IHC\01895_train_3+.png,162296.8125,0.3301352858543396,1,0.25,0,0,0,0,
data\raw\train\IHC\01897_train_3+.png,235258.9375,0.22454950213432312,1,0.25,0,0,0,0,
data\raw\train\IHC\01898_train_3+.png,112464.828125,0.1085711419582367,1,0.25,0,0,0,0,
data\raw\train\IHC\01899_train_2+.png,711635.75,1.0789324045181274,0,0.2,2,0,0,0,
data\raw\train\IHC\01901_train_2+.png,17849.29296875,0.027723439037799835,0,0.2,2,0,1,0,
data\raw\train\IHC\01902_train_3+.png,855152.875,0.8156049847602844,1,0.25,0,0,0,0,
data\raw\train\IHC\01903_train_2+.png,45515.2890625,1.2072700262069702,0,0.2,2,0,0,0,
data\raw\train\IHC\01905_train_2+.png,1345096.75,1.2827842235565186,0,0.2,2,0,0,0,
data\raw\train\IHC\01906_train_3+.png,36740.2578125,0.035047098994255066,1,0.25,0,0,1,0,
data\raw\train\IHC\01907_train_3+.png,259425.015625,0.24789705872535706,1,0.25,0,0,0,0,
data\raw\train\IHC\01908_train_0.png,31033.50390625,0.13063658773899078,0,0.2,2,0,0,0,
data\raw\train\IHC\01909_train_2+.png,7476.95068359375,0.09071657061576843,0,0.2,2,0,0,0,
data\raw\train\IHC\01910_train_1+.png,502401.53125,0.479127436876297,0,0.2,2,0,0,0,
data\raw\train\IHC\01911_train_2+.png,22379.3515625,0.02134261280298233,0,0.2,2,0,1,0,
data\raw\train\IHC\01912_train_2+.png,668607.625,0.6376339197158813,0,0.2,2,0,0,0,
data\raw\train\IHC\01913_train_3+.png,210118.71875,0.20077888667583466,1,0.25,0,0,0,0,
data\raw\train\IHC\01914_train_1+.png,14478.5283203125,0.6916934847831726,0,0.2,2,0,0,0,
data\raw\train\IHC\01916_train_3+.png,2994.24267578125,0.027503423392772675,1,0.25,0,0,1,0,
data\raw\train\IHC\01917_train_1+.png,304976.84375,0.588279128074646,0,0.2,2,0,0,0,
data\raw\train\IHC\01918_train_2+.png,1687.8958740234375,0.0016097029438242316,0,0.2,2,0,1,0,
data\raw\train\IHC\01919_train_3+.png,390647.59375,0.37267959117889404,1,0.25,0,0,0,0,
data\raw\train\IHC\01920_train_3+.png,776576.125,0.7437734603881836,1,0.25,0,0,0,0,
data\raw\train\IHC\01921_train_2+.png,272509.3125,0.6123199462890625,0,0.2,2,0,0,0,
data\raw\train\IHC\01922_train_0.png,913198.0,1.0958551168441772,0,0.2,2,0,0,0,
data\raw\train\IHC\01923_train_3+.png,1745.5440673828125,0.04450193792581558,1,0.25,0,0,1,0,
data\raw\train\IHC\01924_train_3+.png,3586.220947265625,0.003421675879508257,1,0.25,0,0,1,0,
data\raw\train\IHC\01926_train_2+.png,67244.3984375,2.0047223567962646,0,0.2,2,0,0,0,
data\raw\train\IHC\01927_train_3+.png,516585.90625,0.49267444014549255,1,0.25,0,0,0,0,
data\raw\train\IHC\01928_train_1+.png,85547.0234375,0.7553821206092834,0,0.2,2,0,0,0,
data\raw\train\IHC\01929_train_3+.png,1948493.625,1.8586537837982178,1,0.25,0,0,0,0,
data\raw\train\IHC\01930_train_2+.png,119219.6015625,0.9327804446220398,0,0.2,2,0,0,0,
data\raw\train\IHC\01931_train_2+.png,6769.11865234375,0.006455534603446722,0,0.2,2,0,1,0,
data\raw\train\IHC\01933_train_3+.png,252617.84375,2.00026798248291,1,0.25,0,0,0,0,
data\raw\train\IHC\01934_train_3+.png,2480699.0,2.382755756378174,1,0.25,0,0,0,0,
data\raw\train\IHC\01936_train_1+.png,33687.57421875,0.5937601327896118,0,0.2,2,0,0,0,
data\raw\train\IHC\01937_train_2+.png,1493545.5,1.4243559837341309,0,0.2,2,0,0,0,
data\raw\train\IHC\01938_train_3+.png,870.4329833984375,0.0022750350181013346,1,0.25,0,0,1,0,
data\raw\train\IHC\01939_train_1+.png,0.0002662179176695645,2.5388519064861725e-10,0,0.2,2,1,1,1,
data\raw\train\IHC\01940_train_1+.png,516.2138671875,0.0004922999069094658,0,0.2,2,0,1,0,
data\raw\train\IHC\01941_train_2+.png,580385.8125,1.18781578540802,0,0.2,2,0,0,0,
data\raw\train\IHC\01942_train_2+.png,25268.80078125,0.8406960368156433,0,0.2,2,0,0,0,
data\raw\train\IHC\01943_train_1+.png,4415.40087890625,0.004210854414850473,0,0.2,2,0,1,0,
data\raw\train\IHC\01945_train_2+.png,147.57894897460938,0.00014074225327931345,0,0.2,2,1,1,1,
data\raw\train\IHC\01946_train_1+.png,5110.39697265625,0.3967391550540924,0,0.2,2,0,0,0,
data\raw\train\IHC\01948_train_3+.png,1122217.625,1.0731396675109863,1,0.25,0,0,0,0,
data\raw\train\IHC\01949_train_2+.png,7487.05078125,0.007140208035707474,0,0.2,2,0,1,0,
data\raw\train\IHC\01950_train_2+.png,70183.484375,0.31959983706474304,0,0.2,2,0,0,0,
data\raw\train\IHC\01951_train_3+.png,778.64404296875,0.0017085981089621782,1,0.25,0,0,1,0,
data\raw\train\IHC\01952_train_3+.png,153249.90625,0.6408456563949585,1,0.25,0,0,0,0,
data\raw\train\IHC\01953_train_2+.png,8089.4814453125,0.03223838657140732,0,0.2,2,0,1,0,
data\raw\train\IHC\01954_train_1+.png,1806.710693359375,0.001723013585433364,0,0.2,2,0,1,0,
data\raw\train\IHC\01955_train_1+.png,117013.796875,0.8984405398368835,0,0.2,2,0,0,0,
data\raw\train\IHC\01956_train_3+.png,132900.984375,0.12674425542354584,1,0.25,0,0,0,0,
data\raw\train\IHC\01958_train_2+.png,66163.375,0.9212901592254639,0,0.2,2,0,0,0,
data\raw\train\IHC\01959_train_3+.png,6551.9951171875,0.03011913038790226,1,0.25,0,0,1,0,
data\raw\train\IHC\01960_train_2+.png,3335.83984375,0.003181304782629013,0,0.2,2,0,1,0,
data\raw\train\IHC\01961_train_2+.png,103.6353530883789,9.88343745120801e-05,0,0.2,2,1,1,1,
data\raw\train\IHC\01962_train_3+.png,278980.96875,0.26605698466300964,1,0.25,0,0,0,0,
data\raw\train\IHC\01963_train_2+.png,4.55099734608666e-06,4.340169282995854e-12,0,0.2,2,1,1,1,
data\raw\train\IHC\01964_train_2+.png,26.17947006225586,2.4966688215499744e-05,0,0.2,2,1,1,1,
data\raw\train\IHC\01965_train_2+.png,397824.71875,1.0776221752166748,0,0.2,2,0,0,0,
data\raw\train\IHC\01966_train_3+.png,225843.296875,0.6496657133102417,1,0.25,0,0,0,0,
data\raw\train\IHC\01967_train_2+.png,139475.46875,0.9665994644165039,0,0.2,2,0,0,0,
data\raw\train\IHC\01968_train_2+.png,5156.94140625,0.004918042570352554,0,0.2,2,0,1,0,
data\raw\train\IHC\01969_train_2+.png,2716.5068359375,0.0025906627997756004,0,0.2,2,0,1,0,
data\raw\train\IHC\01970_train_3+.png,786107.4375,0.7496933341026306,1,0.25,0,0,0,0,
data\raw\train\IHC\01971_train_3+.png,1257.4151611328125,0.052510447800159454,1,0.25,0,0,0,0,
data\raw\train\IHC\01972_train_3+.png,174439.953125,0.16636794805526733,1,0.25,0,0,0,0,
data\raw\train\IHC\01973_train_2+.png,399578.9375,0.6884152889251709,0,0.2,2,0,0,0,
data\raw\train\IHC\01974_train_3+.png,60664.375,0.2190832644701004,1,0.25,0,0,0,0,
data\raw\train\IHC\01975_train_2+.png,84728.3125,0.08080321550369263,0,0.2,2,0,0,0,
data\raw\train\IHC\01976_train_1+.png,17842.369140625,1.0281416177749634,0,0.2,2,0,0,0,
data\raw\train\IHC\01977_train_1+.png,38208.24609375,0.6157753467559814,0,0.2,2,0,0,0,
data\raw\train\IHC\01978_train_3+.png,149794.265625,0.7813423275947571,1,0.25,0,0,0,0,
data\raw\train\IHC\01979_train_1+.png,111090.890625,0.7445470690727234,0,0.2,2,0,0,0,
data\raw\train\IHC\01980_train_1+.png,108716.9375,1.030990719795227,0,0.2,2,0,0,0,
data\raw\train\IHC\01983_train_2+.png,116.63902282714844,0.00011123564036097378,0,0.2,2,1,1,1,
data\raw\train\IHC\01984_train_3+.png,288283.40625,0.2751173973083496,1,0.25,0,0,0,0,
data\raw\train\IHC\01985_train_0.png,218171.609375,1.0632507801055908,0,0.2,2,0,0,0,
data\raw\train\IHC\01986_train_0.png,5502.533203125,1.2772825956344604,0,0.2,2,0,0,0,
data\raw\train\IHC\01987_train_2+.png,191233.3125,0.7106086611747742,0,0.2,2,0,0,0,
data\raw\train\IHC\01988_train_2+.png,11316.5869140625,0.010792338289320469,0,0.2,2,0,1,0,
data\raw\train\IHC\01989_train_2+.png,57037.91796875,0.05439559742808342,0,0.2,2,0,0,0,
data\raw\train\IHC\01991_train_1+.png,125550.765625,0.9462745785713196,0,0.2,2,0,0,0,
data\raw\train\IHC\01993_train_2+.png,375372.40625,0.3579830229282379,0,0.2,2,0,0,0,
data\raw\train\IHC\01994_train_0.png,149406.140625,0.7177707552909851,0,0.2,2,0,0,0,
data\raw\train\IHC\01996_train_3+.png,5031.966796875,0.09669235348701477,1,0.25,0,0,0,0,
data\raw\train\IHC\01998_train_0.png,903410.75,0.9062045812606812,0,0.2,2,0,0,0,
data\raw\train\IHC\01999_train_3+.png,31231.36328125,0.029915012419223785,1,0.25,0,0,1,0,
data\raw\train\IHC\02000_train_2+.png,97134.7109375,1.0448524951934814,0,0.2,2,0,0,0,
data\raw\train\IHC\02001_train_2+.png,315177.1875,0.37514528632164,0,0.2,2,0,0,0,
data\raw\train\IHC\02002_train_1+.png,6502.248046875,0.00620102696120739,0,0.2,2,0,1,0,
data\raw\train\IHC\02003_train_1+.png,1082079.5,1.0319514274597168,0,0.2,2,0,0,0,
data\raw\train\IHC\02004_train_1+.png,13244.75,1.0682111978530884,0,0.2,2,0,0,0,
data\raw\train\IHC\02005_train_2+.png,20831.109375,0.01986609399318695,0,0.2,2,0,1,0,
data\raw\train\IHC\02006_train_1+.png,440900.65625,0.42047563195228577,0,0.2,2,0,0,0,
data\raw\train\IHC\02007_train_1+.png,343258.625,0.6266427636146545,0,0.2,2,0,0,0,
data\raw\train\IHC\02009_train_1+.png,1003042.8125,0.9565761685371399,0,0.2,2,0,0,0,
data\raw\train\IHC\02010_train_2+.png,1689933.875,1.6116465330123901,0,0.2,2,0,0,0,
data\raw\train\IHC\02011_train_2+.png,2851.989013671875,0.0027198686730116606,0,0.2,2,0,1,0,
data\raw\train\IHC\02012_train_3+.png,50528.0390625,0.15878435969352722,1,0.25,0,0,0,0,
data\raw\train\IHC\02013_train_3+.png,196691.859375,0.7707089185714722,1,0.25,0,0,0,0,
data\raw\train\IHC\02014_train_3+.png,1373115.625,1.310501217842102,1,0.25,0,0,0,0,
data\raw\train\IHC\02015_train_2+.png,4022.081787109375,0.0038357560988515615,0,0.2,2,0,1,0,
data\raw\train\IHC\02016_train_2+.png,17167.31640625,0.11294658482074738,0,0.2,2,0,0,0,
data\raw\train\IHC\02017_train_1+.png,47421.41796875,0.9842143654823303,0,0.2,2,0,0,0,
data\raw\train\IHC\02018_train_3+.png,10528.1142578125,1.178168535232544,1,0.25,0,0,0,0,
data\raw\train\IHC\02020_train_1+.png,125751.0078125,0.6301981806755066,0,0.2,2,0,0,0,
data\raw\train\IHC\02021_train_3+.png,35577.72265625,0.08575507253408432,1,0.25,0,0,0,0,
data\raw\train\IHC\02022_train_1+.png,58736.0546875,1.1461812257766724,0,0.2,2,0,0,0,
data\raw\train\IHC\02023_train_1+.png,5710.4619140625,0.6266281008720398,0,0.2,2,0,0,0,
data\raw\train\IHC\02024_train_1+.png,76966.859375,0.6610456109046936,0,0.2,2,0,0,0,
data\raw\train\IHC\02027_train_3+.png,2763.022705078125,0.002642500912770629,1,0.25,0,0,1,0,
data\raw\train\IHC\02028_train_2+.png,1139829.75,1.0870263576507568,0,0.2,2,0,0,0,
data\raw\train\IHC\02029_train_2+.png,72179.5,0.4120798707008362,0,0.2,2,0,0,0,
data\raw\train\IHC\02030_train_2+.png,89591.2109375,0.2252659797668457,0,0.2,2,0,0,0,
data\raw\train\IHC\02031_train_2+.png,10910.77734375,0.010405328124761581,0,0.2,2,0,1,0,
data\raw\train\IHC\02032_train_1+.png,96258.3984375,0.39686819911003113,0,0.2,2,0,0,0,
data\raw\train\IHC\02033_train_3+.png,193365.796875,0.2555510997772217,1,0.25,0,0,0,0,
data\raw\train\IHC\02034_train_3+.png,376509.15625,0.5034669041633606,1,0.25,0,0,0,0,
data\raw\train\IHC\02035_train_2+.png,2043.1370849609375,0.04505959153175354,0,0.2,2,0,1,0,
data\raw\train\IHC\02036_train_2+.png,16545.802734375,0.12312789261341095,0,0.2,2,0,0,0,
data\raw\train\IHC\02037_train_1+.png,277210.71875,0.8566091656684875,0,0.2,2,0,0,0,
data\raw\train\IHC\02038_train_3+.png,65117.99609375,0.13251741230487823,1,0.25,0,0,0,0,
data\raw\train\IHC\02039_train_1+.png,99413.8671875,0.437923401594162,0,0.2,2,0,0,0,
data\raw\train\IHC\02041_train_2+.png,11701.2666015625,1.058555006980896,0,0.2,2,0,0,0,
data\raw\train\IHC\02043_train_2+.png,9111.3935546875,0.008689302019774914,0,0.2,2,0,1,0,
data\raw\train\IHC\02044_train_1+.png,31312.0234375,0.643975555896759,0,0.2,2,0,0,0,
data\raw\train\IHC\02045_train_3+.png,78549.3359375,0.07495637983083725,1,0.25,0,0,0,0,
data\raw\train\IHC\02046_train_1+.png,138364.578125,0.5929410457611084,0,0.2,2,0,0,0,
data\raw\train\IHC\02047_train_1+.png,35096.7890625,0.7618309259414673,0,0.2,2,0,0,0,
data\raw\train\IHC\02048_train_1+.png,380606.75,1.4691554307937622,0,0.2,2,0,0,0,
data\raw\train\IHC\02049_train_2+.png,81464.234375,0.07769034802913666,0,0.2,2,0,0,0,
data\raw\train\IHC\02051_train_3+.png,62440.92578125,0.48273593187332153,1,0.25,0,0,0,0,
data\raw\train\IHC\02052_train_3+.png,83437.890625,0.07957272231578827,1,0.25,0,0,0,0,
data\raw\train\IHC\02053_train_2+.png,134925.5,0.19507291913032532,0,0.2,2,0,0,0,
data\raw\train\IHC\02054_train_2+.png,124162.6875,0.11841076612472534,0,0.2,2,0,0,0,
data\raw\train\IHC\02055_train_3+.png,247882.84375,1.1491272449493408,1,0.25,0,0,0,0,
data\raw\train\IHC\02057_train_2+.png,35485.94921875,0.7436596155166626,0,0.2,2,0,0,0,
data\raw\train\IHC\02058_train_1+.png,557611.9375,0.5418495535850525,0,0.2,2,0,0,0,
data\raw\train\IHC\02059_train_1+.png,452087.21875,0.7020489573478699,0,0.2,2,0,0,0,
data\raw\train\IHC\02060_train_2+.png,48638.5390625,0.7972224354743958,0,0.2,2,0,0,0,
data\raw\train\IHC\02061_train_1+.png,945689.1875,1.0068321228027344,0,0.2,2,0,0,0,
data\raw\train\IHC\02063_train_3+.png,1014.008544921875,0.008695203810930252,1,0.25,0,0,1,0,
data\raw\train\IHC\02064_train_2+.png,287301.65625,0.2739922106266022,0,0.2,2,0,0,0,
data\raw\train\IHC\02065_train_3+.png,83012.46875,0.0793151929974556,1,0.25,0,0,0,0,
data\raw\train\IHC\02068_train_2+.png,109041.203125,0.16061334311962128,0,0.2,2,0,0,0,
data\raw\train\IHC\02069_train_3+.png,15503.70703125,0.7257270812988281,1,0.25,0,0,0,0,
data\raw\train\IHC\02070_train_2+.png,1092093.125,1.0415011644363403,0,0.2,2,0,0,0,
data\raw\train\IHC\02071_train_3+.png,201.35140991210938,0.0047023845836520195,1,0.25,0,1,1,1,
data\raw\train\IHC\02072_train_2+.png,1454910.125,1.3875104188919067,0,0.2,2,0,0,0,
data\raw\train\IHC\02073_train_2+.png,2205.542236328125,0.0021033689845353365,0,0.2,2,0,1,0,
data\raw\train\IHC\02075_train_3+.png,399703.78125,1.0439836978912354,1,0.25,0,0,0,0,
data\raw\train\IHC\02076_train_2+.png,33625.1171875,0.6135074496269226,0,0.2,2,0,0,0,
data\raw\train\IHC\02077_train_2+.png,1405209.625,1.340112328529358,0,0.2,2,0,0,0,
data\raw\train\IHC\02078_train_1+.png,1250949.625,1.1929985284805298,0,0.2,2,0,0,0,
data\raw\train\IHC\02080_train_1+.png,40506.03125,0.03862956166267395,0,0.2,2,0,1,0,
data\raw\train\IHC\02081_train_2+.png,18570.42578125,0.041187070310115814,0,0.2,2,0,1,0,
data\raw\train\IHC\02084_train_3+.png,274288.40625,0.26158180832862854,1,0.25,0,0,0,0,
data\raw\train\IHC\02085_train_1+.png,212511.0,2.4062297344207764,0,0.2,2,0,0,0,
data\raw\train\IHC\02087_train_2+.png,53692.71875,0.05120536684989929,0,0.2,2,0,0,0,
data\raw\train\IHC\02088_train_2+.png,10813.9619140625,0.16284124553203583,0,0.2,2,0,0,0,
data\raw\train\IHC\02089_train_3+.png,118424.0859375,0.11430278420448303,1,0.25,0,0,0,0,
data\raw\train\IHC\02090_train_2+.png,7896.13671875,0.08988919854164124,0,0.2,2,0,0,0,
data\raw\train\IHC\02091_train_3+.png,25217.390625,1.3057886362075806,1,0.25,0,0,0,0,
data\raw\train\IHC\02092_train_1+.png,42850.03515625,0.0408649779856205,0,0.2,2,0,1,0,
data\raw\train\IHC\02093_train_3+.png,7221.01416015625,0.028969459235668182,1,0.25,0,0,1,0,
data\raw\train\IHC\02094_train_0.png,15711.7236328125,0.8087570667266846,0,0.2,2,0,0,0,
data\raw\train\IHC\02095_train_3+.png,131926.0,0.713518500328064,1,0.25,0,0,0,0,
data\raw\train\IHC\02096_train_3+.png,1028.57421875,0.00261859642341733,1,0.25,0,0,1,0,
data\raw\train\IHC\02098_train_0.png,289136.84375,0.6279495358467102,0,0.2,2,0,0,0,
data\raw\train\IHC\02099_train_1+.png,589096.8125,0.5618064999580383,0,0.2,2,0,0,0,
data\raw\train\IHC\02100_train_2+.png,0.0012163231149315834,1.1599761151614985e-09,0,0.2,2,1,1,1,
data\raw\train\IHC\02101_train_2+.png,221515.765625,0.21125389635562897,0,0.2,2,0,0,0,
data\raw\train\IHC\02103_train_2+.png,197859.015625,0.3013474643230438,0,0.2,2,0,0,0,
data\raw\train\IHC\02106_train_2+.png,98.17617797851562,9.362809942103922e-05,0,0.2,2,1,1,1,
data\raw\train\IHC\02107_train_2+.png,3697.964599609375,0.0035266538616269827,0,0.2,2,0,1,0,
data\raw\train\IHC\02108_train_3+.png,189034.734375,0.1803584098815918,1,0.25,0,0,0,0,
data\raw\train\IHC\02109_train_3+.png,1399341.5,1.3391724824905396,1,0.25,0,0,0,0,
data\raw\train\IHC\02111_train_3+.png,140541.25,0.13438700139522552,1,0.25,0,0,0,0,
data\raw\train\IHC\02112_train_2+.png,7.605517021147534e-05,7.253186246058974e-11,0,0.2,2,1,1,1,
data\raw\train\IHC\02113_train_1+.png,259684.375,0.2693360447883606,0,0.2,2,0,0,0,
data\raw\train\IHC\02114_train_1+.png,49516.703125,0.38678276538848877,0,0.2,2,0,0,0,
data\raw\train\IHC\02115_train_2+.png,1439.367919921875,0.0013726882170885801,0,0.2,2,0,1,0,
data\raw\train\IHC\02116_train_1+.png,265044.375,0.7595199942588806,0,0.2,2,0,0,0,
data\raw\train\IHC\02117_train_3+.png,18275.271484375,0.017500171437859535,1,0.25,0,0,1,0,
data\raw\train\IHC\02119_train_1+.png,321562.90625,0.8466013669967651,0,0.2,2,0,0,0,
data\raw\train\IHC\02121_train_1+.png,1953.56982421875,0.0018630693666636944,0,0.2,2,0,1,0,
data\raw\train\IHC\02123_train_1+.png,25929.1015625,0.024727918207645416,0,0.2,2,0,1,0,
data\raw\train\IHC\02124_train_3+.png,114736.25,0.11058734357357025,1,0.25,0,0,0,0,
data\raw\train\IHC\02126_train_2+.png,33721.19140625,0.03215903416275978,0,0.2,2,0,1,0,
data\raw\train\IHC\02127_train_2+.png,135931.328125,0.8114237189292908,0,0.2,2,0,0,0,
data\raw\train\IHC\02128_train_1+.png,322044.21875,0.5666959285736084,0,0.2,2,0,0,0,
data\raw\train\IHC\02129_train_3+.png,750001.375,0.7204305529594421,1,0.25,0,0,0,0,
data\raw\train\IHC\02130_train_2+.png,469866.90625,1.3546650409698486,0,0.2,2,0,0,0,
data\raw\train\IHC\02131_train_2+.png,2295.14404296875,0.0021888199262320995,0,0.2,2,0,1,0,
data\raw\train\IHC\02132_train_2+.png,15866.7890625,0.08887762576341629,0,0.2,2,0,0,0,
data\raw\train\IHC\02133_train_0.png,919418.5,1.146451473236084,0,0.2,2,0,0,0,
data\raw\train\IHC\02134_train_2+.png,1814.4266357421875,0.0017303720815107226,0,0.2,2,0,1,0,
data\raw\train\IHC\02135_train_2+.png,56.383052825927734,5.3771069360664114e-05,0,0.2,2,1,1,1,
data\raw\train\IHC\02136_train_3+.png,769028.5,0.7334104180335999,1,0.25,0,0,0,0,
data\raw\train\IHC\02137_train_2+.png,1991.157958984375,0.09533914178609848,0,0.2,2,0,0,0,
data\raw\train\IHC\02138_train_3+.png,24435.400390625,0.023317646235227585,1,0.25,0,0,1,0,
data\raw\train\IHC\02139_train_3+.png,146020.96875,0.13983120024204254,1,0.25,0,0,0,0,
data\raw\train\IHC\02140_train_2+.png,664.3271484375,0.0006335517391562462,0,0.2,2,0,1,0,
data\raw\train\IHC\02141_train_2+.png,16.756458282470703,1.5980203897925094e-05,0,0.2,2,1,1,1,
data\raw\train\IHC\02142_train_3+.png,104465.375,0.18388521671295166,1,0.25,0,0,0,0,
data\raw\train\IHC\02143_train_2+.png,57110.30859375,0.6287465691566467,0,0.2,2,0,0,0,
data\raw\train\IHC\02144_train_3+.png,62754.640625,0.09712987393140793,1,0.25,0,0,0,0,
data\raw\train\IHC\02145_train_2+.png,38369.44921875,0.24772703647613525,0,0.2,2,0,0,0,
data\raw\train\IHC\02146_train_2+.png,624648.0,0.5957107543945312,0,0.2,2,0,0,0,
data\raw\train\IHC\02147_train_2+.png,172445.21875,0.1644565761089325,0,0.2,2,0,0,0,
data\raw\train\IHC\02148_train_3+.png,39534.9765625,0.03774823993444443,1,0.25,0,0,1,0,
data\raw\train\IHC\02149_train_0.png,165912.203125,0.5972942113876343,0,0.2,2,0,0,0,
data\raw\train\IHC\02151_train_2+.png,49258.8671875,0.04697691649198532,0,0.2,2,0,1,0,
data\raw\train\IHC\02152_train_1+.png,354461.3125,1.1361267566680908,0,0.2,2,0,0,0,
data\raw\train\IHC\02155_train_1+.png,1312479.875,1.2516783475875854,0,0.2,2,0,0,0,
data\raw\train\IHC\02156_train_1+.png,10674.669921875,0.09982484579086304,0,0.2,2,0,0,0,
data\raw\train\IHC\02157_train_3+.png,1257828.125,1.1995583772659302,1,0.25,0,0,0,0,
data\raw\train\IHC\02158_train_2+.png,1038425.75,0.9903199672698975,0,0.2,2,0,0,0,
data\raw\train\IHC\02159_train_1+.png,390596.90625,0.37250223755836487,0,0.2,2,0,0,0,
data\raw\train\IHC\02160_train_0.png,31932.236328125,0.4695779085159302,0,0.2,2,0,0,0,
data\raw\train\IHC\02162_train_2+.png,18088.224609375,0.01725027523934841,0,0.2,2,0,1,0,
data\raw\train\IHC\02163_train_1+.png,57828.71875,0.46289268136024475,0,0.2,2,0,0,0,
data\raw\train\IHC\02164_train_2+.png,17475.69921875,0.7738773822784424,0,0.2,2,0,0,0,
data\raw\train\IHC\02165_train_1+.png,113442.7421875,0.8518769145011902,0,0.2,2,0,0,0,
data\raw\train\IHC\02166_train_2+.png,135952.984375,0.8366491794586182,0,0.2,2,0,0,0,
data\raw\train\IHC\02167_train_2+.png,1454.241943359375,0.0013868731912225485,0,0.2,2,0,1,0,
data\raw\train\IHC\02168_train_2+.png,383.26312255859375,0.0003655081964097917,0,0.2,2,1,1,1,
data\raw\train\IHC\02169_train_3+.png,176.08761596679688,0.00016825292550493032,1,0.25,0,1,1,1,
data\raw\train\IHC\02170_train_2+.png,60091.3984375,0.7326432466506958,0,0.2,2,0,0,0,
data\raw\train\IHC\02174_train_1+.png,383394.90625,1.1667383909225464,0,0.2,2,0,0,0,
data\raw\train\IHC\02175_train_2+.png,99165.34375,1.0714439153671265,0,0.2,2,0,0,0,
data\raw\train\IHC\02176_train_2+.png,501871.59375,0.47862204909324646,0,0.2,2,0,0,0,
data\raw\train\IHC\02177_train_1+.png,22553.2265625,0.1430407017469406,0,0.2,2,0,0,0,
data\raw\train\IHC\02178_train_1+.png,25728.31640625,0.646034300327301,0,0.2,2,0,0,0,
data\raw\train\IHC\02179_train_1+.png,429301.21875,0.9644704461097717,0,0.2,2,0,0,0,
data\raw\train\IHC\02180_train_2+.png,84306.0859375,0.14291711151599884,0,0.2,2,0,0,0,
data\raw\train\IHC\02181_train_3+.png,644062.375,0.6143189072608948,1,0.25,0,0,0,0,
data\raw\train\IHC\02183_train_2+.png,1575.9305419921875,0.0015029244823381305,0,0.2,2,0,1,0,
data\raw\train\IHC\02184_train_2+.png,2.121381476172246e-05,2.0231070291254483e-11,0,0.2,2,1,1,1,
data\raw\train\IHC\02185_train_1+.png,51660.484375,0.6752210259437561,0,0.2,2,0,0,0,
data\raw\train\IHC\02186_train_2+.png,3571.888671875,0.003406418487429619,0,0.2,2,0,1,0,
data\raw\train\IHC\02187_train_2+.png,20761.154296875,0.019799379631876945,0,0.2,2,0,1,0,
data\raw\train\IHC\02188_train_2+.png,329309.03125,0.31405356526374817,0,0.2,2,0,0,0,
data\raw\train\IHC\02189_train_2+.png,89333.1171875,0.6470226049423218,0,0.2,2,0,0,0,
data\raw\train\IHC\02190_train_2+.png,480957.09375,1.150527000427246,0,0.2,2,0,0,0,
data\raw\train\IHC\02191_train_0.png,13691.1005859375,0.7542474865913391,0,0.2,2,0,0,0,
data\raw\train\IHC\02192_train_2+.png,635103.75,0.6056821346282959,0,0.2,2,0,0,0,
data\raw\train\IHC\02193_train_3+.png,373657.0,0.3564184606075287,1,0.25,0,0,0,0,
data\raw\train\IHC\02194_train_0.png,441124.3125,0.5122538208961487,0,0.2,2,0,0,0,
data\raw\train\IHC\02195_train_3+.png,5519.46484375,0.005266312975436449,1,0.25,0,0,1,0,
data\raw\train\IHC\02196_train_2+.png,1425696.75,1.3596503734588623,0,0.2,2,0,0,0,
data\raw\train\IHC\02197_train_1+.png,21944.78515625,0.26662760972976685,0,0.2,2,0,0,0,
data\raw\train\IHC\02199_train_2+.png,13553.7060546875,0.012925821356475353,0,0.2,2,0,1,0,
data\raw\train\IHC\02200_train_3+.png,1983.199462890625,0.00756487250328064,1,0.25,0,0,1,0,
data\raw\train\IHC\02201_train_2+.png,29847.37109375,1.3543593883514404,0,0.2,2,0,0,0,
data\raw\train\IHC\02202_train_2+.png,10626.015625,0.01364210806787014,0,0.2,2,0,1,0,
data\raw\train\IHC\02203_train_2+.png,188325.390625,0.8054702877998352,0,0.2,2,0,0,0,
data\raw\train\IHC\02204_train_2+.png,573223.875,0.5466688871383667,0,0.2,2,0,0,0,
data\raw\train\IHC\02205_train_2+.png,1745791.125,1.6649161577224731,0,0.2,2,0,0,0,
data\raw\train\IHC\02206_train_3+.png,333652.8125,0.3195244073867798,1,0.25,0,0,0,0,
data\raw\train\IHC\02207_train_1+.png,16361.048828125,0.1870347112417221,0,0.2,2,0,0,0,
data\raw\train\IHC\02208_train_3+.png,722592.0625,0.690115213394165,1,0.25,0,0,0,0,
data\raw\train\IHC\02209_train_3+.png,72130.484375,0.5845731496810913,1,0.25,0,0,0,0,
data\raw\train\IHC\02210_train_2+.png,815.2559204101562,0.0007774886325933039,0,0.2,2,0,1,0,
data\raw\train\IHC\02211_train_0.png,3057.863037109375,0.005398007109761238,0,0.2,2,0,1,0,
data\raw\train\IHC\02212_train_1+.png,82110.609375,0.993582010269165,0,0.2,2,0,0,0,
data\raw\train\IHC\02213_train_2+.png,5521.8564453125,0.005266052670776844,0,0.2,2,0,1,0,
data\raw\train\IHC\02214_train_2+.png,814262.8125,0.776541531085968,0,0.2,2,0,0,0,
data\raw\train\IHC\02215_train_2+.png,102615.5859375,0.09786184877157211,0,0.2,2,0,0,0,
data\raw\train\IHC\02216_train_2+.png,6520.6982421875,0.13501527905464172,0,0.2,2,0,0,0,
data\raw\train\IHC\02217_train_3+.png,951.3045043945312,0.0009072943939827383,1,0.25,0,0,1,0,
data\raw\train\IHC\02218_train_2+.png,4.0000777516979724e-05,3.814771415422413e-11,0,0.2,2,1,1,1,
data\raw\train\IHC\02219_train_2+.png,344528.15625,1.148381233215332,0,0.2,2,0,0,0,
data\raw\train\IHC\02221_train_2+.png,51881.9765625,1.1773430109024048,0,0.2,2,0,0,0,
data\raw\train\IHC\02223_train_2+.png,12516.5673828125,0.14767591655254364,0,0.2,2,0,0,0,
data\raw\train\IHC\02224_train_1+.png,11918.033203125,0.8543393015861511,0,0.2,2,0,0,0,
data\raw\train\IHC\02225_train_1+.png,171262.65625,0.3344353139400482,0,0.2,2,0,0,0,
data\raw\train\IHC\02226_train_2+.png,35765.87109375,0.03410899266600609,0,0.2,2,0,1,0,
data\raw\train\IHC\02228_train_2+.png,39161.93359375,0.03734773024916649,0,0.2,2,0,1,0,
data\raw\train\IHC\02229_train_1+.png,7371485.0,7.029995918273926,0,0.2,2,0,0,0,
data\raw\train\IHC\02230_train_1+.png,27104.68359375,0.02584904059767723,0,0.2,2,0,1,0,
data\raw\train\IHC\02231_train_2+.png,140401.046875,0.19218014180660248,0,0.2,2,0,0,0,
data\raw\train\IHC\02232_train_1+.png,122902.734375,0.19856777787208557,0,0.2,2,0,0,0,
data\raw\train\IHC\02233_train_1+.png,35455.515625,0.7457881569862366,0,0.2,2,0,0,0,
data\raw\train\IHC\02234_train_3+.png,312527.125,0.2982684075832367,1,0.25,0,0,0,0,
data\raw\train\IHC\02235_train_2+.png,34144.015625,0.032562270760536194,0,0.2,2,0,1,0,
data\raw\train\IHC\02236_train_3+.png,430369.46875,1.490111231803894,1,0.25,0,0,0,0,
data\raw\train\IHC\02237_train_2+.png,679.03564453125,0.0006475788541138172,0,0.2,2,0,1,0,
data\raw\train\IHC\02238_train_3+.png,61374.25,0.059443410485982895,1,0.25,0,0,0,0,
data\raw\train\IHC\02239_train_1+.png,43548.42578125,0.7794459462165833,0,0.2,2,0,0,0,
data\raw\train\IHC\02240_train_3+.png,2525.318603515625,1.4060794115066528,1,0.25,0,0,0,0,
data\raw\train\IHC\02241_train_3+.png,720903.6875,0.6875073313713074,1,0.25,0,0,0,0,
data\raw\train\IHC\02242_train_3+.png,749406.8125,0.7153647541999817,1,0.25,0,0,0,0,
data\raw\train\IHC\02243_train_2+.png,35600.31640625,0.23963917791843414,0,0.2,2,0,0,0,
data\raw\train\IHC\02244_train_2+.png,512750.53125,0.4889970123767853,0,0.2,2,0,0,0,
data\raw\train\IHC\02245_train_2+.png,140044.8125,0.4726804196834564,0,0.2,2,0,0,0,
data\raw\train\IHC\02246_train_2+.png,1770.1573486328125,0.1476730853319168,0,0.2,2,0,0,0,
data\raw\train\IHC\02247_train_1+.png,3012.38134765625,0.0028728307224810123,0,0.2,2,0,1,0,
data\raw\train\IHC\02248_train_3+.png,238314.640625,0.22744439542293549,1,0.25,0,0,0,0,
data\raw\train\IHC\02249_train_3+.png,165495.421875,0.24893566966056824,1,0.25,0,0,0,0,
data\raw\train\IHC\02250_train_2+.png,23307.349609375,0.17016762495040894,0,0.2,2,0,0,0,
data\raw\train\IHC\02251_train_3+.png,3717.216064453125,0.03120642714202404,1,0.25,0,0,1,0,
data\raw\train\IHC\02253_train_1+.png,96648.40625,0.5600955486297607,0,0.2,2,0,0,0,
data\raw\train\IHC\02254_train_1+.png,288979.75,0.6282400488853455,0,0.2,2,0,0,0,
data\raw\train\IHC\02255_train_1+.png,1261.5306396484375,0.001203089370392263,0,0.2,2,0,1,0,
data\raw\train\IHC\02256_train_3+.png,4.143747123208641e-09,3.952531441112897e-15,1,0.25,0,1,1,1,
data\raw\train\IHC\02257_train_2+.png,126739.6953125,0.8340058326721191,0,0.2,2,0,0,0,
data\raw\train\IHC\02258_train_0.png,27985.86328125,0.6010967493057251,0,0.2,2,0,0,0,
data\raw\train\IHC\02259_train_1+.png,397378.375,1.4197155237197876,0,0.2,2,0,0,0,
data\raw\train\IHC\02260_train_3+.png,30612.388671875,1.2530654668807983,1,0.25,0,0,0,0,
data\raw\train\IHC\02261_train_1+.png,0.3656363785266876,3.486980233446957e-07,0,0.2,2,1,1,1,
data\raw\train\IHC\02263_train_2+.png,20160.453125,0.19328181445598602,0,0.2,2,0,0,0,
data\raw\train\IHC\02264_train_2+.png,424830.09375,0.40514954924583435,0,0.2,2,0,0,0,
data\raw\train\IHC\02265_train_2+.png,14799.478515625,0.05413499474525452,0,0.2,2,0,0,0,
data\raw\train\IHC\02266_train_1+.png,68485.921875,0.3897690176963806,0,0.2,2,0,0,0,
data\raw\train\IHC\02267_train_3+.png,135461.53125,0.12919209897518158,1,0.25,0,0,0,0,
data\raw\train\IHC\02268_train_2+.png,117940.625,0.11247694492340088,0,0.2,2,0,0,0,
data\raw\train\IHC\02270_train_3+.png,39460.0390625,0.3631748557090759,1,0.25,0,0,0,0,
data\raw\train\IHC\02271_train_3+.png,349386.53125,1.7833577394485474,1,0.25,0,0,0,0,
data\raw\train\IHC\02272_train_3+.png,13435.19140625,0.013171369209885597,1,0.25,0,0,1,0,
data\raw\train\IHC\02273_train_3+.png,697068.5,0.9933500289916992,1,0.25,0,0,0,0,
data\raw\train\IHC\02274_train_3+.png,5516.78369140625,0.005261245183646679,1,0.25,0,0,1,0,
data\raw\train\IHC\02276_train_0.png,1193287.25,1.4593769311904907,0,0.2,2,0,0,0,
data\raw\train\IHC\02277_train_1+.png,339.43341064453125,0.0003237089258618653,0,0.2,2,1,1,1,
data\raw\train\IHC\02278_train_1+.png,289983.4375,0.276549756526947,0,0.2,2,0,0,0,
data\raw\train\IHC\02279_train_0.png,60437.640625,1.0849978923797607,0,0.2,2,0,0,0,
data\raw\train\IHC\02280_train_2+.png,7650.4482421875,0.007296035997569561,0,0.2,2,0,1,0,
data\raw\train\IHC\02281_train_3+.png,223938.65625,0.38990336656570435,1,0.25,0,0,0,0,
data\raw\train\IHC\02283_train_2+.png,3.0339033603668213,2.893355713240453e-06,0,0.2,2,1,1,1,
data\raw\train\IHC\02284_train_2+.png,3.440399408340454,3.2810205539135495e-06,0,0.2,2,1,1,1,
data\raw\train\IHC\02285_train_2+.png,9558.2744140625,0.08140937238931656,0,0.2,2,0,0,0,
data\raw\train\IHC\02286_train_1+.png,89171.28125,0.539669930934906,0,0.2,2,0,0,0,
data\raw\train\IHC\02287_train_1+.png,71567.5546875,0.06825213879346848,0,0.2,2,0,0,0,
data\raw\train\IHC\02288_train_2+.png,378745.0625,1.014040231704712,0,0.2,2,0,0,0,
data\raw\train\IHC\02289_train_3+.png,1236843.375,1.1889991760253906,1,0.25,0,0,0,0,
data\raw\train\IHC\02290_train_3+.png,17050.556640625,0.016342768445611,1,0.25,0,0,1,0,
data\raw\train\IHC\02291_train_2+.png,532878.75,0.508192777633667,0,0.2,2,0,0,0,
data\raw\train\IHC\02294_train_2+.png,153.65829467773438,0.00014653996913693845,0,0.2,2,1,1,1,
data\raw\train\IHC\02295_train_1+.png,164092.0625,0.23470860719680786,0,0.2,2,0,0,0,
data\raw\train\IHC\02297_train_3+.png,25693.1875,1.475093960762024,1,0.25,0,0,0,0,
data\raw\train\IHC\02298_train_2+.png,26625.212890625,0.025391781702637672,0,0.2,2,0,1,0,
data\raw\train\IHC\02299_train_2+.png,73320.359375,0.4524467885494232,0,0.2,2,0,0,0,
data\raw\train\IHC\02300_train_1+.png,16512.53125,0.28874120116233826,0,0.2,2,0,0,0,
data\raw\train\IHC\02302_train_2+.png,6711.8955078125,0.006400962360203266,0,0.2,2,0,1,0,
data\raw\train\IHC\02303_train_2+.png,434259.4375,0.5859256982803345,0,0.2,2,0,0,0,
data\raw\train\IHC\02304_train_2+.png,1096045.125,1.0452700853347778,0,0.2,2,0,0,0,
data\raw\train\IHC\02305_train_3+.png,7272.958984375,0.05501898005604744,1,0.25,0,0,0,0,
data\raw\train\IHC\02306_train_3+.png,266503.5625,0.6499246954917908,1,0.25,0,0,0,0,
data\raw\train\IHC\02307_train_3+.png,148056.96875,0.14121900498867035,1,0.25,0,0,0,0,
data\raw\train\IHC\02309_train_3+.png,7806.25634765625,0.6251506805419922,1,0.25,0,0,0,0,
data\raw\train\IHC\02310_train_2+.png,2232861.5,2.129422664642334,0,0.2,2,0,0,0,
data\raw\train\IHC\02311_train_1+.png,97186.8046875,0.9293591380119324,0,0.2,2,0,0,0,
data\raw\train\IHC\02312_train_2+.png,246588.171875,1.1458078622817993,0,0.2,2,0,0,0,
data\raw\train\IHC\02313_train_3+.png,344752.90625,0.4341844916343689,1,0.25,0,0,0,0,
data\raw\train\IHC\02314_train_3+.png,935816.3125,0.8926810622215271,1,0.25,0,0,0,0,
data\raw\train\IHC\02316_train_2+.png,79463.09375,0.5292035937309265,0,0.2,2,0,0,0,
data\raw\train\IHC\02317_train_1+.png,9027.7705078125,0.00860955286771059,0,0.2,2,0,1,0,
data\raw\train\IHC\02318_train_3+.png,545559.0,0.6051680445671082,1,0.25,0,0,0,0,
data\raw\train\IHC\02319_train_1+.png,924807.25,0.881964921951294,0,0.2,2,0,0,0,
data\raw\train\IHC\02322_train_3+.png,22406.6484375,1.1443641185760498,1,0.25,0,0,0,0,
data\raw\train\IHC\02324_train_2+.png,284968.90625,0.2717675268650055,0,0.2,2,0,0,0,
data\raw\train\IHC\02325_train_1+.png,760429.3125,0.7252019047737122,0,0.2,2,0,0,0,
data\raw\train\IHC\02326_train_1+.png,117346.484375,0.605090856552124,0,0.2,2,0,0,0,
data\raw\train\IHC\02327_train_1+.png,289904.625,0.30735892057418823,0,0.2,2,0,0,0,
data\raw\train\IHC\02329_train_1+.png,3931.005126953125,0.0037488986272364855,0,0.2,2,0,1,0,
data\raw\train\IHC\02330_train_3+.png,30956.451171875,0.02952698990702629,1,0.25,0,0,1,0,
data\raw\train\IHC\02331_train_3+.png,7364.0048828125,1.1564078330993652,1,0.25,0,0,0,0,
data\raw\train\IHC\02332_train_2+.png,1446307.0,1.3793058395385742,0,0.2,2,0,0,0,
data\raw\train\IHC\02333_train_2+.png,18623.857421875,0.6025383472442627,0,0.2,2,0,0,0,
data\raw\train\IHC\02337_train_3+.png,175395.984375,0.6963695287704468,1,0.25,0,0,0,0,
data\raw\train\IHC\02338_train_1+.png,313865.59375,0.299325555562973,0,0.2,2,0,0,0,
data\raw\train\IHC\02340_train_2+.png,7666.18896484375,0.020166486501693726,0,0.2,2,0,1,0,
data\raw\train\IHC\02341_train_2+.png,7176.6748046875,0.006844210438430309,0,0.2,2,0,1,0,
data\raw\train\IHC\02342_train_2+.png,916240.125,0.873794674873352,0,0.2,2,0,0,0,
data\raw\train\IHC\02343_train_2+.png,547.923583984375,0.0005225406493991613,0,0.2,2,0,1,0,
data\raw\train\IHC\02344_train_2+.png,2385453.0,2.2749452590942383,0,0.2,2,0,0,0,
data\raw\train\IHC\02345_train_0.png,134709.375,0.2963785231113434,0,0.2,2,0,0,0,
data\raw\train\IHC\02346_train_2+.png,4389.62841796875,0.004186275880783796,0,0.2,2,0,1,0,
data\raw\train\IHC\02347_train_2+.png,32147.81640625,0.030658546835184097,0,0.2,2,0,1,0,
data\raw\train\IHC\02348_train_2+.png,426989.5625,0.40720897912979126,0,0.2,2,0,0,0,
data\raw\train\IHC\02349_train_2+.png,674.20263671875,0.0006429697386920452,0,0.2,2,0,1,0,
data\raw\train\IHC\02350_train_2+.png,68253.9609375,0.8548842668533325,0,0.2,2,0,0,0,
data\raw\train\IHC\02352_train_3+.png,1016259.0625,0.9692596793174744,1,0.25,0,0,0,0,
data\raw\train\IHC\02353_train_2+.png,3952.28173828125,0.0037691895850002766,0,0.2,2,0,1,0,
data\raw\train\IHC\02354_train_2+.png,622840.3125,0.5939868092536926,0,0.2,2,0,0,0,
data\raw\train\IHC\02355_train_2+.png,3632.07958984375,0.003463821019977331,0,0.2,2,0,1,0,
data\raw\train\IHC\02357_train_2+.png,35361.203125,1.0249327421188354,0,0.2,2,0,0,0,
data\raw\train\IHC\02358_train_1+.png,60140.3046875,0.11610276997089386,0,0.2,2,0,0,0,
data\raw\train\IHC\02359_train_2+.png,42375.05859375,0.04041200503706932,0,0.2,2,0,1,0,
data\raw\train\IHC\02360_train_1+.png,50436.46484375,0.42550209164619446,0,0.2,2,0,0,0,
data\raw\train\IHC\02361_train_2+.png,595.56103515625,0.0005679712630808353,0,0.2,2,0,1,0,
data\raw\train\IHC\02362_train_2+.png,13678.7548828125,0.019111106172204018,0,0.2,2,0,1,0,
data\raw\train\IHC\02364_train_3+.png,419625.9375,0.4392940104007721,1,0.25,0,0,0,0,
data\raw\train\IHC\02365_train_1+.png,422.3057861328125,0.08692996948957443,0,0.2,2,1,0,0,
data\raw\train\IHC\02366_train_3+.png,9265.373046875,0.008980450220406055,1,0.25,0,0,1,0,
data\raw\train\IHC\02367_train_2+.png,115825.390625,0.5657635927200317,0,0.2,2,0,0,0,
data\raw\train\IHC\02368_train_1+.png,627740.875,0.5986603498458862,0,0.2,2,0,0,0,
data\raw\train\IHC\02369_train_3+.png,875204.9375,2.7273871898651123,1,0.25,0,0,0,0,
data\raw\train\IHC\02370_train_2+.png,399295.375,0.8059018850326538,0,0.2,2,0,0,0,
data\raw\train\IHC\02372_train_3+.png,384805.65625,0.3669806718826294,1,0.25,0,0,0,0,
data\raw\train\IHC\02373_train_3+.png,758504.6875,1.0539661645889282,1,0.25,0,0,0,0,
data\raw\train\IHC\02374_train_1+.png,245433.0,0.9373217225074768,0,0.2,2,0,0,0,
data\raw\train\IHC\02375_train_2+.png,102092.3671875,0.09736286848783493,0,0.2,2,0,0,0,
data\raw\train\IHC\02379_train_2+.png,323206.5,0.4968341290950775,0,0.2,2,0,0,0,
data\raw\train\IHC\02380_train_2+.png,75147.6953125,0.3659136891365051,0,0.2,2,0,0,0,
data\raw\train\IHC\02381_train_3+.png,454531.125,0.43362435698509216,1,0.25,0,0,0,0,
data\raw\train\IHC\02382_train_2+.png,18972.779296875,0.1417900025844574,0,0.2,2,0,0,0,
data\raw\train\IHC\02383_train_1+.png,63542.37890625,0.5502076148986816,0,0.2,2,0,0,0,
data\raw\train\IHC\02384_train_2+.png,1382860.375,1.3187984228134155,0,0.2,2,0,0,0,
data\raw\train\IHC\02385_train_0.png,544060.1875,0.6170728802680969,0,0.2,2,0,0,0,
data\raw\train\IHC\02386_train_1+.png,14147.625,0.09925789386034012,0,0.2,2,0,0,0,
data\raw\train\IHC\02387_train_2+.png,120928.359375,0.8463453054428101,0,0.2,2,0,0,0,
data\raw\train\IHC\02388_train_2+.png,781.9815063476562,0.0007457556785084307,0,0.2,2,0,1,0,
data\raw\train\IHC\02389_train_2+.png,46030.5234375,0.25234097242355347,0,0.2,2,0,0,0,
data\raw\train\IHC\02390_train_1+.png,48585.60546875,0.3315925598144531,0,0.2,2,0,0,0,
data\raw\train\IHC\02391_train_3+.png,319516.09375,1.9632445573806763,1,0.25,0,0,0,0,
data\raw\train\IHC\02392_train_2+.png,4205.22216796875,0.004010412376374006,0,0.2,2,0,1,0,
data\raw\train\IHC\02393_train_3+.png,57118.71875,0.3715232014656067,1,0.25,0,0,0,0,
data\raw\train\IHC\02394_train_3+.png,67547.90625,0.09700489789247513,1,0.25,0,0,0,0,
data\raw\train\IHC\02396_train_3+.png,611331.75,0.8185151219367981,1,0.25,0,0,0,0,
data\raw\train\IHC\02397_train_1+.png,30561.958984375,0.02914615534245968,0,0.2,2,0,1,0,
data\raw\train\IHC\02398_train_2+.png,162477.65625,0.2177640199661255,0,0.2,2,0,0,0,
data\raw\train\IHC\02399_train_2+.png,71442.953125,0.3876827657222748,0,0.2,2,0,0,0,
data\raw\train\IHC\02400_train_2+.png,7343.56298828125,0.00700336741283536,0,0.2,2,0,1,0,
data\raw\train\IHC\02401_train_1+.png,11174.369140625,0.22833727300167084,0,0.2,2,0,0,0,
data\raw\train\IHC\02402_train_3+.png,324984.84375,0.7346929907798767,1,0.25,0,0,0,0,
data\raw\train\IHC\02403_train_3+.png,1269.7685546875,0.003616760252043605,1,0.25,0,0,1,0,
data\raw\train\IHC\02404_train_3+.png,3043.9228515625,0.0029372619464993477,1,0.25,0,0,1,0,
data\raw\train\IHC\02405_train_3+.png,3683.80224609375,0.003534996649250388,1,0.25,0,0,1,0,
data\raw\train\IHC\02406_train_1+.png,198167.15625,0.20885269343852997,0,0.2,2,0,0,0,
data\raw\train\IHC\02408_train_1+.png,157752.21875,1.0667511224746704,0,0.2,2,0,0,0,
data\raw\train\IHC\02409_train_2+.png,155692.828125,0.19527336955070496,0,0.2,2,0,0,0,
data\raw\train\IHC\02410_train_1+.png,28671.455078125,0.027343230322003365,0,0.2,2,0,1,0,
data\raw\train\IHC\02411_train_2+.png,113422.65625,0.7671468257904053,0,0.2,2,0,0,0,
data\raw\train\IHC\02412_train_2+.png,340882.4375,0.32509082555770874,0,0.2,2,0,0,0,
data\raw\train\IHC\02413_train_3+.png,2082077.0,1.9961774349212646,1,0.25,0,0,0,0,
data\raw\train\IHC\02414_train_2+.png,37652.328125,0.3206336200237274,0,0.2,2,0,0,0,
data\raw\train\IHC\02415_train_2+.png,563.9136962890625,0.0005377900088205934,0,0.2,2,0,1,0,
data\raw\train\IHC\02416_train_1+.png,111001.8046875,0.1765759289264679,0,0.2,2,0,0,0,
data\raw\train\IHC\02417_train_3+.png,39217.76953125,0.0374009795486927,1,0.25,0,0,1,0,
data\raw\train\IHC\02418_train_3+.png,461530.875,0.5069729089736938,1,0.25,0,0,0,0,
data\raw\train\IHC\02419_train_0.png,771217.1875,1.637563705444336,0,0.2,2,0,0,0,
data\raw\train\IHC\02420_train_1+.png,6.921704880369361e-07,6.601052170152055e-13,0,0.2,2,1,1,1,
data\raw\train\IHC\02422_train_2+.png,483864.90625,0.461449533700943,0,0.2,2,0,0,0,
data\raw\train\IHC\02423_train_1+.png,58578.98828125,0.8027487993240356,0,0.2,2,0,0,0,
data\raw\train\IHC\02424_train_3+.png,251268.15625,0.23975077271461487,1,0.25,0,0,0,0,
data\raw\train\IHC\02425_train_1+.png,899120.6875,0.85746830701828,0,0.2,2,0,0,0,
data\raw\train\IHC\02426_train_2+.png,686.2685546875,0.0006544766947627068,0,0.2,2,0,1,0,
data\raw\train\IHC\02427_train_2+.png,1000.2012939453125,0.0009538662852719426,0,0.2,2,0,1,0,
data\raw\train\IHC\02428_train_3+.png,83630.2890625,0.16534259915351868,1,0.25,0,0,0,0,
data\raw\train\IHC\02429_train_3+.png,232232.734375,0.22147777676582336,1,0.25,0,0,0,0,
data\raw\train\IHC\02430_train_2+.png,33082.70703125,0.23919416964054108,0,0.2,2,0,0,0,
data\raw\train\IHC\02431_train_2+.png,1266.5902099609375,0.0012079145526513457,0,0.2,2,0,1,0,
data\raw\train\IHC\02432_train_2+.png,437974.8125,0.417685329914093,0,0.2,2,0,0,0,
data\raw\train\IHC\02433_train_3+.png,293455.09375,0.36643365025520325,1,0.25,0,0,0,0,
data\raw\train\IHC\02434_train_1+.png,0.5066651701927185,4.831935598303971e-07,0,0.2,2,1,1,1,
data\raw\train\IHC\02435_train_2+.png,1.919221358548384e-05,1.8303121171459047e-11,0,0.2,2,1,1,1,
data\raw\train\IHC\02436_train_2+.png,256887.703125,0.454683780670166,0,0.2,2,0,0,0,
data\raw\train\IHC\02437_train_1+.png,97891.71875,0.09335681796073914,0,0.2,2,0,0,0,
data\raw\train\IHC\02438_train_1+.png,168292.046875,0.7167860269546509,0,0.2,2,0,0,0,
data\raw\train\IHC\02441_train_3+.png,281.8327331542969,0.0007161112152971327,1,0.25,0,1,1,1,
data\raw\train\IHC\02442_train_1+.png,3312.7626953125,0.03778199106454849,0,0.2,2,0,1,0,
data\raw\train\IHC\02443_train_2+.png,26043.134765625,0.20273973047733307,0,0.2,2,0,0,0,
data\raw\train\IHC\02444_train_2+.png,246166.546875,0.7302413582801819,0,0.2,2,0,0,0,
data\raw\train\IHC\02446_train_2+.png,21741.416015625,0.020734230056405067,0,0.2,2,0,1,0,
data\raw\train\IHC\02447_train_1+.png,1200.675048828125,0.0014360268833115697,0,0.2,2,0,1,0,
data\raw\train\IHC\02448_train_1+.png,415563.90625,0.3963126242160797,0,0.2,2,0,0,0,
data\raw\train\IHC\02449_train_2+.png,419600.8125,0.4001625180244446,0,0.2,2,0,0,0,
data\raw\train\IHC\02450_train_3+.png,198066.40625,0.6662598848342896,1,0.25,0,0,0,0,
data\raw\train\IHC\02451_train_2+.png,727.364013671875,0.0006936683785170317,0,0.2,2,0,1,0,
data\raw\train\IHC\02452_train_2+.png,180657.046875,0.8569865226745605,0,0.2,2,0,0,0,
data\raw\train\IHC\02453_train_2+.png,134.13279724121094,0.00012791900371666998,0,0.2,2,1,1,1,
data\raw\train\IHC\02454_train_1+.png,100722.09375,0.9561982154846191,0,0.2,2,0,0,0,
data\raw\train\IHC\02455_train_1+.png,5644.185546875,0.005382714793086052,0,0.2,2,0,1,0,
data\raw\train\IHC\02456_train_1+.png,12354.9990234375,0.21262863278388977,0,0.2,2,0,0,0,
data\raw\train\IHC\02457_train_2+.png,117728.171875,0.6617511510848999,0,0.2,2,0,0,0,
data\raw\train\IHC\02458_train_2+.png,157928.109375,0.49970924854278564,0,0.2,2,0,0,0,
data\raw\train\IHC\02459_train_2+.png,3630.87353515625,0.7010762095451355,0,0.2,2,0,0,0,
data\raw\train\IHC\02460_train_3+.png,17.394777297973633,1.658911060076207e-05,1,0.25,0,1,1,1,
data\raw\train\IHC\02461_train_1+.png,12.147095680236816,1.1584373169171158e-05,0,0.2,2,1,1,1,
data\raw\train\IHC\02463_train_2+.png,33751.03515625,0.03218749538064003,0,0.2,2,0,1,0,
data\raw\train\IHC\02464_train_1+.png,399608.9375,0.3810967803001404,0,0.2,2,0,0,0,
data\raw\train\IHC\02465_train_2+.png,542.322265625,0.0005171988159418106,0,0.2,2,0,1,0,
data\raw\train\IHC\02466_train_3+.png,1243794.5,1.1861748695373535,1,0.25,0,0,0,0,
data\raw\train\IHC\02467_train_1+.png,3.9190606315742116e-09,3.737507468771183e-15,0,0.2,2,1,1,1,
data\raw\train\IHC\02468_train_2+.png,449.7626953125,0.00042892713099718094,0,0.2,2,1,1,1,
data\raw\train\IHC\02469_train_1+.png,360.4941101074219,0.000343793974025175,0,0.2,2,1,1,1,
data\raw\train\IHC\02470_train_1+.png,47759.859375,0.7023612260818481,0,0.2,2,0,0,0,
data\raw\train\IHC\02471_train_2+.png,33702.953125,0.8460425734519958,0,0.2,2,0,0,0,
data\raw\train\IHC\02473_train_1+.png,38731.0703125,0.6494687795639038,0,0.2,2,0,0,0,
data\raw\train\IHC\02474_train_1+.png,48158.36328125,0.8148485422134399,0,0.2,2,0,0,0,
data\raw\train\IHC\02475_train_2+.png,103064.5859375,0.7659890055656433,0,0.2,2,0,0,0,
data\raw\train\IHC\02476_train_3+.png,441007.6875,0.4216715097427368,1,0.25,0,0,0,0,
data\raw\train\IHC\02477_train_2+.png,30739.08203125,0.23490411043167114,0,0.2,2,0,0,0,
data\raw\train\IHC\02478_train_1+.png,8539.1748046875,0.09251844137907028,0,0.2,2,0,0,0,
data\raw\train\IHC\02479_train_3+.png,17888.421875,0.08473949134349823,1,0.25,0,0,0,0,
data\raw\train\IHC\02480_train_1+.png,415325.90625,0.396085649728775,0,0.2,2,0,0,0,
data\raw\train\IHC\02481_train_3+.png,403786.25,0.3891364336013794,1,0.25,0,0,0,0,
data\raw\train\IHC\02482_train_3+.png,1448108.625,1.3853787183761597,1,0.25,0,0,0,0,
data\raw\train\IHC\02483_train_2+.png,74989.2421875,0.07151531428098679,0,0.2,2,0,0,0,
data\raw\train\IHC\02484_train_3+.png,1549403.5,1.4776277542114258,1,0.25,0,0,0,0,
data\raw\train\IHC\02485_train_3+.png,451.87542724609375,0.0009872721275314689,1,0.25,0,1,1,1,
data\raw\train\IHC\02486_train_2+.png,101441.4296875,0.804369330406189,0,0.2,2,0,0,0,
data\raw\train\IHC\02487_train_1+.png,29538.263671875,0.02816988341510296,0,0.2,2,0,1,0,
data\raw\train\IHC\02488_train_2+.png,240358.171875,1.097601056098938,0,0.2,2,0,0,0,
data\raw\train\IHC\02489_train_2+.png,1261570.375,1.2031272649765015,0,0.2,2,0,0,0,
data\raw\train\IHC\02490_train_3+.png,87560.9921875,0.08583350479602814,1,0.25,0,0,0,0,
data\raw\train\IHC\02491_train_2+.png,17134.82421875,0.1584210842847824,0,0.2,2,0,0,0,
data\raw\train\IHC\02492_train_2+.png,108887.8671875,0.4577736258506775,0,0.2,2,0,0,0,
data\raw\train\IHC\02493_train_2+.png,305.154052734375,0.00029101758264005184,0,0.2,2,1,1,1,
data\raw\train\IHC\02494_train_2+.png,93165.3203125,0.36192935705184937,0,0.2,2,0,0,0,
data\raw\train\IHC\02495_train_2+.png,18989.9453125,0.6505411267280579,0,0.2,2,0,0,0,
data\raw\train\IHC\02496_train_2+.png,353342.0,0.3369731903076172,0,0.2,2,0,0,0,
data\raw\train\IHC\02498_train_3+.png,1656837.625,1.595464825630188,1,0.25,0,0,0,0,
data\raw\train\IHC\02499_train_2+.png,117343.21875,0.11190721392631531,0,0.2,2,0,0,0,
data\raw\train\IHC\02500_train_2+.png,355725.25,0.5852755904197693,0,0.2,2,0,0,0,
data\raw\train\IHC\02501_train_2+.png,8.572998046875,8.175848051905632e-06,0,0.2,2,1,1,1,
data\raw\train\IHC\02502_train_2+.png,49241.78515625,0.5480809807777405,0,0.2,2,0,0,0,
data\raw\train\IHC\02503_train_2+.png,0.003746545873582363,3.572984574873317e-09,0,0.2,2,1,1,1,
data\raw\train\IHC\02505_train_3+.png,104238.8671875,0.09949304908514023,1,0.25,0,0,0,0,
data\raw\train\IHC\02506_train_2+.png,419.2686767578125,0.00039984576869755983,0,0.2,2,1,1,1,
data\raw\train\IHC\02507_train_3+.png,296823.0625,0.2830725312232971,1,0.25,0,0,0,0,
data\raw\train\IHC\02508_train_2+.png,374179.71875,0.35684558749198914,0,0.2,2,0,0,0,
data\raw\train\IHC\02509_train_2+.png,750067.875,0.7153204679489136,0,0.2,2,0,0,0,
data\raw\train\IHC\02511_train_1+.png,963159.0625,0.9185400605201721,0,0.2,2,0,0,0,
data\raw\train\IHC\02512_train_3+.png,184815.140625,0.33557969331741333,1,0.25,0,0,0,0,
data\raw\train\IHC\02514_train_2+.png,1980.7525634765625,0.001888992846943438,0,0.2,2,0,1,0,
data\raw\train\IHC\02515_train_1+.png,620714.5625,0.6393700838088989,0,0.2,2,0,0,0,
data\raw\train\IHC\02516_train_2+.png,14214.9033203125,0.028613677248358727,0,0.2,2,0,1,0,
data\raw\train\IHC\02517_train_3+.png,63369.3828125,0.12376397103071213,1,0.25,0,0,0,0,
data\raw\train\IHC\02518_train_2+.png,225207.21875,0.5785923004150391,0,0.2,2,0,0,0,
data\raw\train\IHC\02520_train_3+.png,8123.48779296875,0.06401790678501129,1,0.25,0,0,0,0,
data\raw\train\IHC\02521_train_2+.png,126553.53125,0.7365257143974304,0,0.2,2,0,0,0,
data\raw\train\IHC\02522_train_1+.png,48597.64453125,0.32375767827033997,0,0.2,2,0,0,0,
data\raw\train\IHC\02523_train_3+.png,310504.9375,0.9452866911888123,1,0.25,0,0,0,0,
data\raw\train\IHC\02524_train_0.png,273342.625,0.5024523735046387,0,0.2,2,0,0,0,
data\raw\train\IHC\02525_train_2+.png,337244.71875,1.118129849433899,0,0.2,2,0,0,0,
data\raw\train\IHC\02527_train_2+.png,27000.1484375,0.02574934810400009,0,0.2,2,0,1,0,
data\raw\train\IHC\02528_train_3+.png,3633.67236328125,0.003509770380333066,1,0.25,0,0,1,0,
data\raw\train\IHC\02530_train_1+.png,20232.515625,0.1768653839826584,0,0.2,2,0,0,0,
data\raw\train\IHC\02531_train_1+.png,84629.34375,0.917819082736969,0,0.2,2,0,0,0,
data\raw\train\IHC\02533_train_2+.png,26.54037094116211,2.5310870114481077e-05,0,0.2,2,1,1,1,
data\raw\train\IHC\02534_train_2+.png,63559.6796875,0.7907006144523621,0,0.2,2,0,0,0,
data\raw\train\IHC\02535_train_1+.png,28169.654296875,2.091754198074341,0,0.2,2,0,0,0,
data\raw\train\IHC\02537_train_0.png,579.0303344726562,0.07806799560785294,0,0.2,2,0,0,0,
data\raw\train\IHC\02538_train_2+.png,12220.5439453125,0.036370884627103806,0,0.2,2,0,1,0,
data\raw\train\IHC\02540_train_2+.png,391262.875,0.37313735485076904,0,0.2,2,0,0,0,
data\raw\train\IHC\02541_train_2+.png,32370.189453125,0.030870618298649788,0,0.2,2,0,1,0,
data\raw\train\IHC\02542_train_1+.png,157738.0,0.6685966849327087,0,0.2,2,0,0,0,
data\raw\train\IHC\02543_train_3+.png,40899.125,0.0842452347278595,1,0.25,0,0,0,0,
data\raw\train\IHC\02544_train_3+.png,32616.1875,0.08519624173641205,1,0.25,0,0,0,0,
data\raw\train\IHC\02545_train_1+.png,146672.515625,0.1398778110742569,0,0.2,2,0,0,0,
data\raw\train\IHC\02546_train_1+.png,0.07979663461446762,7.610000096747171e-08,0,0.2,2,1,1,1,
data\raw\train\IHC\02547_train_2+.png,395328.625,0.37701475620269775,0,0.2,2,0,0,0,
data\raw\train\IHC\02548_train_2+.png,1355353.75,1.2925660610198975,0,0.2,2,0,0,0,
data\raw\train\IHC\02549_train_0.png,668433.75,1.0739754438400269,0,0.2,2,0,0,0,
data\raw\train\IHC\02550_train_1+.png,188166.234375,0.8752121329307556,0,0.2,2,0,0,0,
data\raw\train\IHC\02551_train_2+.png,1309660.5,1.2489895820617676,0,0.2,2,0,0,0,
data\raw\train\IHC\02552_train_1+.png,29.87460708618164,2.8490645490819588e-05,0,0.2,2,1,1,1,
data\raw\train\IHC\02553_train_0.png,15237.818359375,0.23626722395420074,0,0.2,2,0,0,0,
data\raw\train\IHC\02556_train_2+.png,58181.125,0.2567875385284424,0,0.2,2,0,0,0,
data\raw\train\IHC\02557_train_0.png,1873.210205078125,0.020072761923074722,0,0.2,2,0,1,0,
data\raw\train\IHC\02559_train_2+.png,7106.5849609375,0.006777367554605007,0,0.2,2,0,1,0,
data\raw\train\IHC\02561_train_2+.png,54255.2109375,0.8099727034568787,0,0.2,2,0,0,0,
data\raw\train\IHC\02563_train_2+.png,926712.875,0.8837822675704956,0,0.2,2,0,0,0,
data\raw\train\IHC\02564_train_2+.png,2407458.0,2.295930862426758,0,0.2,2,0,0,0,
data\raw\train\IHC\02565_train_2+.png,19127.962890625,0.018241846933960915,0,0.2,2,0,1,0,
data\raw\train\IHC\02566_train_3+.png,173710.125,0.2599629759788513,1,0.25,0,0,0,0,
data\raw\train\IHC\02567_train_3+.png,12949.5849609375,1.2080963850021362,1,0.25,0,0,0,0,
data\raw\train\IHC\02568_train_0.png,896398.75,0.9133607745170593,0,0.2,2,0,0,0,
data\raw\train\IHC\02569_train_1+.png,308800.40625,0.5436004996299744,0,0.2,2,0,0,0,
data\raw\train\IHC\02570_train_3+.png,2196272.0,2.1051344871520996,1,0.25,0,0,0,0,
data\raw\train\IHC\02572_train_2+.png,97599.2734375,0.46279487013816833,0,0.2,2,0,0,0,
data\raw\train\IHC\02573_train_3+.png,486485.90625,0.6919639110565186,1,0.25,0,0,0,0,
data\raw\train\IHC\02576_train_1+.png,54402.9921875,0.6822633147239685,0,0.2,2,0,0,0,
data\raw\train\IHC\02577_train_1+.png,2.9123189449310303,2.7774037789640715e-06,0,0.2,2,1,1,1,
data\raw\train\IHC\02579_train_2+.png,6.813913345336914,6.498254151665606e-06,0,0.2,2,1,1,1,
data\raw\train\IHC\02580_train_3+.png,328657.75,0.3134324550628662,1,0.25,0,0,0,0,
data\raw\train\IHC\02581_train_2+.png,449047.625,0.4282451868057251,0,0.2,2,0,0,0,
data\raw\train\IHC\02582_train_2+.png,87559.9609375,0.08350368589162827,0,0.2,2,0,0,0,
data\raw\train\IHC\02584_train_1+.png,232705.375,1.0978584289550781,0,0.2,2,0,0,0,
data\raw\train\IHC\02585_train_2+.png,390029.0625,0.37196069955825806,0,0.2,2,0,0,0,
data\raw\train\IHC\02586_train_3+.png,319183.625,1.7845245599746704,1,0.25,0,0,0,0,
data\raw\train\IHC\02587_train_3+.png,240345.890625,0.23157945275306702,1,0.25,0,0,0,0,
data\raw\train\IHC\02588_train_2+.png,7571.021484375,0.00722028873860836,0,0.2,2,0,1,0,
data\raw\train\IHC\02589_train_1+.png,154663.015625,0.5628940463066101,0,0.2,2,0,0,0,
data\raw\train\IHC\02590_train_2+.png,179047.796875,1.2980027198791504,0,0.2,2,0,0,0,
data\raw\train\IHC\02591_train_1+.png,55031.72265625,0.7453237175941467,0,0.2,2,0,0,0,
data\raw\train\IHC\02592_train_3+.png,739.2235107421875,0.044706594198942184,1,0.25,0,0,1,0,
data\raw\train\IHC\02593_train_2+.png,158.93551635742188,0.00015157271991483867,0,0.2,2,1,1,1,
data\raw\train\IHC\02594_train_1+.png,132225.0,0.8405217528343201,0,0.2,2,0,0,0,
data\raw\train\IHC\02595_train_2+.png,27577.4921875,0.23883646726608276,0,0.2,2,0,0,0,
data\raw\train\IHC\02596_train_1+.png,1608.2276611328125,0.0015337254153564572,0,0.2,2,0,1,0,
data\raw\train\IHC\02597_train_2+.png,4288.1923828125,0.004089538939297199,0,0.2,2,0,1,0,
data\raw\train\IHC\02598_train_2+.png,6871.50390625,0.006553176790475845,0,0.2,2,0,1,0,
data\raw\train\IHC\02599_train_3+.png,701.90576171875,0.0006818021647632122,1,0.25,0,0,1,0,
data\raw\train\IHC\02600_train_1+.png,230621.984375,0.5324028134346008,0,0.2,2,0,0,0,
data\raw\train\IHC\02601_train_2+.png,6819.5224609375,0.006503603421151638,0,0.2,2,0,1,0,
data\raw\train\IHC\02602_train_1+.png,40222.296875,0.7733123898506165,0,0.2,2,0,0,0,
data\raw\train\IHC\02603_train_1+.png,351421.8125,0.33514195680618286,0,0.2,2,0,0,0,
data\raw\train\IHC\02604_train_2+.png,237553.75,0.5423465371131897,0,0.2,2,0,0,0,
data\raw\train\IHC\02605_train_2+.png,542327.625,0.5172039270401001,0,0.2,2,0,0,0,
data\raw\train\IHC\02606_train_1+.png,55554.5234375,1.093313217163086,0,0.2,2,0,0,0,
data\raw\train\IHC\02607_train_1+.png,21881.3046875,0.21933726966381073,0,0.2,2,0,0,0,
data\raw\train\IHC\02609_train_2+.png,2143868.0,2.0445518493652344,0,0.2,2,0,0,0,
data\raw\train\IHC\02610_train_1+.png,917491.75,0.874988317489624,0,0.2,2,0,0,0,
data\raw\train\IHC\02611_train_1+.png,177650.5625,0.750647783279419,0,0.2,2,0,0,0,
data\raw\train\IHC\02613_train_1+.png,369683.625,0.41928884387016296,0,0.2,2,0,0,0,
data\raw\train\IHC\02615_train_1+.png,69770.296875,0.7453294992446899,0,0.2,2,0,0,0,
data\raw\train\IHC\02616_train_0.png,48343.07421875,0.08541873097419739,0,0.2,2,0,0,0,
data\raw\train\IHC\02617_train_2+.png,1435801.75,1.3692872524261475,0,0.2,2,0,0,0,
data\raw\train\IHC\02619_train_2+.png,240243.5,0.22911405563354492,0,0.2,2,0,0,0,
data\raw\train\IHC\02620_train_3+.png,117959.7109375,0.29765182733535767,1,0.25,0,0,0,0,
data\raw\train\IHC\02622_train_3+.png,514489.65625,0.4929714500904083,1,0.25,0,0,0,0,
data\raw\train\IHC\02623_train_1+.png,203821.796875,0.7959892153739929,0,0.2,2,0,0,0,
data\raw\train\IHC\02624_train_1+.png,300346.40625,0.3994711935520172,0,0.2,2,0,0,0,
data\raw\train\IHC\02625_train_3+.png,263232.625,0.7622684240341187,1,0.25,0,0,0,0,
data\raw\train\IHC\02628_train_3+.png,81769.2578125,0.07802261412143707,1,0.25,0,0,0,0,
data\raw\train\IHC\02629_train_2+.png,104674.234375,0.5112244486808777,0,0.2,2,0,0,0,
data\raw\train\IHC\02631_train_3+.png,262369.0625,0.2502146363258362,1,0.25,0,0,0,0,
data\raw\train\IHC\02633_train_1+.png,22754.677734375,0.7587674856185913,0,0.2,2,0,0,0,
data\raw\train\IHC\02634_train_2+.png,180.07748413085938,0.00017173527157865465,0,0.2,2,1,1,1,
data\raw\train\IHC\02635_train_2+.png,199140.4375,0.8894367218017578,0,0.2,2,0,0,0,
data\raw\train\IHC\02636_train_3+.png,1261925.875,1.2034685611724854,1,0.25,0,0,0,0,
data\raw\train\IHC\02637_train_3+.png,434737.65625,0.6452640891075134,1,0.25,0,0,0,0,
data\raw\train\IHC\02638_train_3+.png,38770.62109375,0.10860695689916611,1,0.25,0,0,0,0,
data\raw\train\IHC\02639_train_2+.png,3609.072265625,0.003441879525780678,0,0.2,2,0,1,0,
data\raw\train\IHC\02642_train_1+.png,30996.150390625,0.2380090057849884,0,0.2,2,0,0,0,
data\raw\train\IHC\02644_train_3+.png,113248.375,0.1080034077167511,1,0.25,0,0,0,0,
data\raw\train\IHC\02646_train_3+.png,132939.0,0.17147865891456604,1,0.25,0,0,0,0,
data\raw\train\IHC\02647_train_3+.png,605221.4375,0.5798279047012329,1,0.25,0,0,0,0,
data\raw\train\IHC\02648_train_3+.png,1564.1168212890625,0.005121082533150911,1,0.25,0,0,1,0,
data\raw\train\IHC\02649_train_1+.png,442354.625,0.42186224460601807,0,0.2,2,0,0,0,
data\raw\train\IHC\02650_train_2+.png,258057.890625,0.5031358599662781,0,0.2,2,0,0,0,
data\raw\train\IHC\02651_train_3+.png,343184.15625,0.3391452729701996,1,0.25,0,0,0,0,
data\raw\train\IHC\02653_train_2+.png,15407.19921875,1.008984923362732,0,0.2,2,0,0,0,
data\raw\train\IHC\02654_train_2+.png,271535.6875,0.2589566111564636,0,0.2,2,0,0,0,
data\raw\train\IHC\02655_train_2+.png,1673.28076171875,0.0015957648865878582,0,0.2,2,0,1,0,
data\raw\train\IHC\02656_train_3+.png,43785.98046875,0.09376796334981918,1,0.25,0,0,0,0,
data\raw\train\IHC\02657_train_1+.png,70350.0859375,0.06709107011556625,0,0.2,2,0,0,0,
data\raw\train\IHC\02658_train_3+.png,1507338.75,1.437519907951355,1,0.25,0,0,0,0,
data\raw\train\IHC\02659_train_3+.png,1788361.875,1.7055277824401855,1,0.25,0,0,0,0,
data\raw\train\IHC\02660_train_3+.png,364178.21875,0.42445114254951477,1,0.25,0,0,0,0,
data\raw\train\IHC\02661_train_1+.png,44818.06640625,0.7104280591011047,0,0.2,2,0,0,0,
data\raw\train\IHC\02662_train_1+.png,28913.5859375,0.05688638612627983,0,0.2,2,0,0,0,
data\raw\train\IHC\02663_train_1+.png,249270.578125,0.29175233840942383,0,0.2,2,0,0,0,
data\raw\train\IHC\02665_train_3+.png,23729.462890625,0.022636115550994873,1,0.25,0,0,1,0,
data\raw\train\IHC\02666_train_0.png,368107.3125,0.40827685594558716,0,0.2,2,0,0,0,
data\raw\train\IHC\02667_train_3+.png,114877.890625,0.1095632016658783,1,0.25,0,0,0,0,
data\raw\train\IHC\02668_train_0.png,333838.4375,0.44203487038612366,0,0.2,2,0,0,0,
data\raw\train\IHC\02669_train_2+.png,89181.0,0.2746972143650055,0,0.2,2,0,0,0,
data\raw\train\IHC\02670_train_2+.png,250472.640625,1.1018989086151123,0,0.2,2,0,0,0,
data\raw\train\IHC\02671_train_2+.png,2700.66796875,0.08672108501195908,0,0.2,2,0,0,0,
data\raw\train\IHC\02672_train_2+.png,402464.8125,0.3838203549385071,0,0.2,2,0,0,0,
data\raw\train\IHC\02673_train_1+.png,318796.90625,0.3040284216403961,0,0.2,2,0,0,0,
data\raw\train\IHC\02674_train_1+.png,78137.6171875,0.10027722269296646,0,0.2,2,0,0,0,
data\raw\train\IHC\02675_train_2+.png,10506.2998046875,0.014775171875953674,0,0.2,2,0,1,0,
data\raw\train\IHC\02676_train_2+.png,5829.8623046875,0.005559789948165417,0,0.2,2,0,1,0,
data\raw\train\IHC\02678_train_3+.png,2094.46435546875,0.004494471941143274,1,0.25,0,0,1,0,
data\raw\train\IHC\02679_train_2+.png,43554.8046875,0.14321961998939514,0,0.2,2,0,0,0,
data\raw\train\IHC\02680_train_2+.png,517093.5,0.8560711145401001,0,0.2,2,0,0,0,
data\raw\train\IHC\02681_train_2+.png,43101.796875,0.22118912637233734,0,0.2,2,0,0,0,
data\raw\train\IHC\02682_train_0.png,70526.046875,0.8627883791923523,0,0.2,2,0,0,0,
data\raw\train\IHC\02684_train_3+.png,9470.26953125,1.7051259279251099,1,0.25,0,0,0,0,
data\raw\train\IHC\02685_train_3+.png,51255.82421875,0.049273595213890076,1,0.25,0,0,1,0,
data\raw\train\IHC\02686_train_1+.png,8807.9462890625,0.11127747595310211,0,0.2,2,0,0,0,
data\raw\train\IHC\02687_train_1+.png,37474.9453125,0.6026170253753662,0,0.2,2,0,0,0,
data\raw\train\IHC\02688_train_1+.png,18616.09375,0.5888559818267822,0,0.2,2,0,0,0,
data\raw\train\IHC\02689_train_3+.png,765095.3125,0.7363121509552002,1,0.25,0,0,0,0,
data\raw\train\IHC\02690_train_3+.png,144832.796875,0.16978369653224945,1,0.25,0,0,0,0,
data\raw\train\IHC\02691_train_2+.png,16792.95703125,0.02610463835299015,0,0.2,2,0,1,0,
data\raw\train\IHC\02692_train_3+.png,29688.873046875,1.1335091590881348,1,0.25,0,0,0,0,
data\raw\train\IHC\02693_train_2+.png,1026843.8125,0.979274570941925,0,0.2,2,0,0,0,
data\raw\train\IHC\02694_train_2+.png,114317.5,0.7052021622657776,0,0.2,2,0,0,0,
data\raw\train\IHC\02695_train_2+.png,325526.0625,0.3104458451271057,0,0.2,2,0,0,0,
data\raw\train\IHC\02696_train_3+.png,6582.6669921875,0.09188022464513779,1,0.25,0,0,0,0,
data\raw\train\IHC\02697_train_0.png,165163.015625,0.8364462852478027,0,0.2,2,0,0,0,
data\raw\train\IHC\02698_train_3+.png,28585.498046875,0.06758520007133484,1,0.25,0,0,0,0,
data\raw\train\IHC\02701_train_3+.png,26047.431640625,0.024852024391293526,1,0.25,0,0,1,0,
data\raw\train\IHC\02702_train_1+.png,12920.583984375,0.1234765276312828,0,0.2,2,0,0,0,
data\raw\train\IHC\02703_train_2+.png,23495.76953125,0.03114592470228672,0,0.2,2,0,1,0,
data\raw\train\IHC\02704_train_1+.png,12322.52734375,0.6657946705818176,0,0.2,2,0,0,0,
data\raw\train\IHC\02705_train_2+.png,98208.7421875,0.09365915507078171,0,0.2,2,0,0,0,
data\raw\train\IHC\02707_train_3+.png,11716.771484375,0.05324861407279968,1,0.25,0,0,0,0,
data\raw\train\IHC\02708_train_2+.png,184264.734375,0.17572854459285736,0,0.2,2,0,0,0,
data\raw\train\IHC\02709_train_1+.png,76464.0,0.0729217529296875,0,0.2,2,0,0,0,
data\raw\train\IHC\02710_train_2+.png,124430.1015625,1.0110431909561157,0,0.2,2,0,0,0,
data\raw\train\IHC\02711_train_3+.png,1457.84521484375,0.009353616274893284,1,0.25,0,0,1,0,
data\raw\train\IHC\02713_train_2+.png,240959.25,1.0443614721298218,0,0.2,2,0,0,0,
data\raw\train\IHC\02714_train_1+.png,13131.75,0.012523412704467773,0,0.2,2,0,1,0,
data\raw\train\IHC\02715_train_2+.png,972893.4375,0.9278234839439392,0,0.2,2,0,0,0,
data\raw\train\IHC\02716_train_3+.png,105485.7265625,0.10083655267953873,1,0.25,0,0,0,0,
data\raw\train\IHC\02717_train_3+.png,134212.765625,1.5827910900115967,1,0.25,0,0,0,0,
data\raw\train\IHC\02718_train_3+.png,462435.78125,1.9500950574874878,1,0.25,0,0,0,0,
data\raw\train\IHC\02719_train_0.png,119237.7734375,1.172284722328186,0,0.2,2,0,0,0,
data\raw\train\IHC\02720_train_3+.png,705.6294555664062,0.0006729413289576769,1,0.25,0,0,1,0,
data\raw\train\IHC\02722_train_3+.png,764.5613403320312,0.001983935944736004,1,0.25,0,0,1,0,
data\raw\train\IHC\02723_train_3+.png,3139795.0,2.994387626647949,1,0.25,0,0,0,0,
data\raw\train\IHC\02724_train_2+.png,139971.90625,0.9483705759048462,0,0.2,2,0,0,0,
data\raw\train\IHC\02725_train_3+.png,31778.6640625,0.4819914996623993,1,0.25,0,0,0,0,
data\raw\train\IHC\02726_train_3+.png,626704.8125,0.6096433401107788,1,0.25,0,0,0,0,
data\raw\train\IHC\02728_train_2+.png,42554.11328125,0.7400071620941162,0,0.2,2,0,0,0,
data\raw\train\IHC\02729_train_2+.png,109226.3125,0.10416632890701294,0,0.2,2,0,0,0,
data\raw\train\IHC\02730_train_0.png,122955.0,0.7491546273231506,0,0.2,2,0,0,0,
data\raw\train\IHC\02731_train_3+.png,204289.5625,0.19504091143608093,1,0.25,0,0,0,0,
data\raw\train\IHC\02732_train_1+.png,1743450.5,1.6626839637756348,0,0.2,2,0,0,0,
data\raw\train\IHC\02733_train_1+.png,981432.5,0.935966968536377,0,0.2,2,0,0,0,
data\raw\train\IHC\02734_train_2+.png,148124.625,0.9802112579345703,0,0.2,2,0,0,0,
data\raw\train\IHC\02735_train_1+.png,17661.5625,0.6737968325614929,0,0.2,2,0,0,0,
data\raw\train\IHC\02736_train_1+.png,1815.756591796875,0.001731640426442027,0,0.2,2,0,1,0,
data\raw\train\IHC\02738_train_2+.png,9584.5146484375,0.009140505455434322,0,0.2,2,0,1,0,
data\raw\train\IHC\02739_train_2+.png,9078.7646484375,0.1814374029636383,0,0.2,2,0,0,0,
data\raw\train\IHC\02740_train_1+.png,1039257.375,1.0065377950668335,0,0.2,2,0,0,0,
data\raw\train\IHC\02741_train_2+.png,54051.125,0.05154716968536377,0,0.2,2,0,0,0,
data\raw\train\IHC\02742_train_1+.png,82403.6640625,0.7921600937843323,0,0.2,2,0,0,0,
data\raw\train\IHC\02744_train_3+.png,998.5703735351562,0.0026547061279416084,1,0.25,0,0,1,0,
data\raw\train\IHC\02745_train_0.png,52954.1640625,0.09782902151346207,0,0.2,2,0,0,0,
data\raw\train\IHC\02746_train_2+.png,64781.6796875,0.42051008343696594,0,0.2,2,0,0,0,
data\raw\train\IHC\02747_train_0.png,949153.125,1.0126698017120361,0,0.2,2,0,0,0,
data\raw\train\IHC\02748_train_3+.png,22381.80078125,0.02205233834683895,1,0.25,0,0,1,0,
data\raw\train\IHC\02749_train_2+.png,22796.599609375,0.15549567341804504,0,0.2,2,0,0,0,
data\raw\train\IHC\02750_train_2+.png,45363.59375,1.6793245077133179,0,0.2,2,0,0,0,
data\raw\train\IHC\02751_train_1+.png,80754.4296875,0.07701342552900314,0,0.2,2,0,0,0,
data\raw\train\IHC\02752_train_1+.png,109137.6171875,0.10408174246549606,0,0.2,2,0,0,0,
data\raw\train\IHC\02753_train_1+.png,113325.3125,1.3030540943145752,0,0.2,2,0,0,0,
data\raw\train\IHC\02754_train_0.png,1020628.9375,1.0966497659683228,0,0.2,2,0,0,0,
data\raw\train\IHC\02755_train_2+.png,17942.2734375,0.1652067005634308,0,0.2,2,0,0,0,
data\raw\train\IHC\02757_train_2+.png,1395590.125,1.330938458442688,0,0.2,2,0,0,0,
data\raw\train\IHC\02758_train_3+.png,39520.52734375,0.15411217510700226,1,0.25,0,0,0,0,
data\raw\train\IHC\02759_train_1+.png,21458.59375,0.20174866914749146,0,0.2,2,0,0,0,
data\raw\train\IHC\02760_train_2+.png,0.7441022396087646,7.096311946952483e-07,0,0.2,2,1,1,1,
data\raw\train\IHC\02761_train_2+.png,2804.03515625,0.002674136310815811,0,0.2,2,0,1,0,
data\raw\train\IHC\02762_train_1+.png,28941.45703125,0.9263044595718384,0,0.2,2,0,0,0,
data\raw\train\IHC\02763_train_2+.png,3097.60546875,0.002954106777906418,0,0.2,2,0,1,0,
data\raw\train\IHC\02765_train_3+.png,116257.8203125,0.25562968850135803,1,0.25,0,0,0,0,
data\raw\train\IHC\02766_train_1+.png,200693.25,0.19139599800109863,0,0.2,2,0,0,0,
data\raw\train\IHC\02767_train_2+.png,68751.90625,0.20285466313362122,0,0.2,2,0,0,0,
data\raw\train\IHC\02768_train_3+.png,311005.71875,0.2980809211730957,1,0.25,0,0,0,0,
data\raw\train\IHC\02769_train_1+.png,8286.3212890625,0.1316605657339096,0,0.2,2,0,0,0,
data\raw\train\IHC\02770_train_2+.png,4.972027090843767e-05,4.741694537013785e-11,0,0.2,2,1,1,1,
data\raw\train\IHC\02771_train_3+.png,24973.310546875,0.03722193092107773,1,0.25,0,0,1,0,
data\raw\train\IHC\02773_train_2+.png,1197.750732421875,0.001142264110967517,0,0.2,2,0,1,0,
data\raw\train\IHC\02774_train_3+.png,720597.0625,0.6962882280349731,1,0.25,0,0,0,0,
data\raw\train\IHC\02775_train_2+.png,297581.625,0.28379595279693604,0,0.2,2,0,0,0,
data\raw\train\IHC\02776_train_3+.png,188357.890625,0.17966651916503906,1,0.25,0,0,0,0,
data\raw\train\IHC\02777_train_2+.png,0.0008754947339184582,8.349368418869574e-10,0,0.2,2,1,1,1,
data\raw\train\IHC\02778_train_1+.png,93785.0625,0.15731340646743774,0,0.2,2,0,0,0,
data\raw\train\IHC\02780_train_1+.png,505308.59375,0.48189982771873474,0,0.2,2,0,0,0,
data\raw\train\IHC\02781_train_2+.png,127923.2109375,0.7271504402160645,0,0.2,2,0,0,0,
data\raw\train\IHC\02783_train_2+.png,394865.125,0.37657272815704346,0,0.2,2,0,0,0,
data\raw\train\IHC\02786_train_1+.png,94628.1171875,0.09024440497159958,0,0.2,2,0,0,0,
data\raw\train\IHC\02787_train_1+.png,17481.26953125,0.1555093228816986,0,0.2,2,0,0,0,
data\raw\train\IHC\02788_train_0.png,1209843.875,1.635832667350769,0,0.2,2,0,0,0,
data\raw\train\IHC\02790_train_1+.png,71969.2734375,0.0686352476477623,0,0.2,2,0,0,0,
data\raw\train\IHC\02792_train_2+.png,13642.150390625,0.05972528085112572,0,0.2,2,0,0,0,
data\raw\train\IHC\02793_train_3+.png,10161.08984375,1.3068926334381104,1,0.25,0,0,0,0,
data\raw\train\IHC\02794_train_3+.png,50629.32421875,1.3001213073730469,1,0.25,0,0,0,0,
data\raw\train\IHC\02796_train_2+.png,171376.578125,0.8106322884559631,0,0.2,2,0,0,0,
data\raw\train\IHC\02797_train_2+.png,32489.6484375,0.0309845432639122,0,0.2,2,0,1,0,
data\raw\train\IHC\02798_train_3+.png,583767.4375,0.5582759976387024,1,0.25,0,0,0,0,
data\raw\train\IHC\02799_train_2+.png,10499.623046875,0.010013220831751823,0,0.2,2,0,1,0,
data\raw\train\IHC\02800_train_1+.png,530.5118408203125,0.0036865421570837498,0,0.2,2,0,1,0,
data\raw\train\IHC\02801_train_2+.png,43300.20703125,0.1176488995552063,0,0.2,2,0,0,0,
data\raw\train\IHC\02802_train_1+.png,594361.5625,0.5668273568153381,0,0.2,2,0,0,0,
data\raw\train\IHC\02803_train_2+.png,109251.53125,0.10419037938117981,0,0.2,2,0,0,0,
data\raw\train\IHC\02804_train_1+.png,35394.59765625,0.8919110298156738,0,0.2,2,0,0,0,
data\raw\train\IHC\02807_train_2+.png,2643.629638671875,0.002521161688491702,0,0.2,2,0,1,0,
data\raw\train\IHC\02808_train_3+.png,12092.7890625,1.0082365274429321,1,0.25,0,0,0,0,
data\raw\train\IHC\02809_train_1+.png,87275.21875,0.7990772724151611,0,0.2,2,0,0,0,
data\raw\train\IHC\02810_train_3+.png,98442.7578125,0.09394226223230362,1,0.25,0,0,0,0,
data\raw\train\IHC\02811_train_3+.png,74563.703125,0.7322155237197876,1,0.25,0,0,0,0,
data\raw\train\IHC\02812_train_2+.png,0.1595885306596756,1.52195482883144e-07,0,0.2,2,1,1,1,
data\raw\train\IHC\02813_train_2+.png,10039.9619140625,0.0616447776556015,0,0.2,2,0,0,0,
data\raw\train\IHC\02814_train_1+.png,81056.0390625,0.8702976107597351,0,0.2,2,0,0,0,
data\raw\train\IHC\02815_train_2+.png,1527.3033447265625,0.11425069719552994,0,0.2,2,0,0,0,
data\raw\train\IHC\02816_train_1+.png,2978.23681640625,0.0028402679599821568,0,0.2,2,0,1,0,
data\raw\train\IHC\02817_train_2+.png,65.87648010253906,6.282470712903887e-05,0,0.2,2,1,1,1,
data\raw\train\IHC\02818_train_1+.png,0.01624995283782482,1.549716266424639e-08,0,0.2,2,1,1,1,
data\raw\train\IHC\02819_train_2+.png,797329.0625,0.7603922486305237,0,0.2,2,0,0,0,
data\raw\train\IHC\02820_train_3+.png,46999.91015625,1.759242057800293,1,0.25,0,0,0,0,
data\raw\train\IHC\02821_train_1+.png,6415.50830078125,0.006118305493146181,0,0.2,2,0,1,0,
data\raw\train\IHC\02822_train_3+.png,253603.890625,0.24187926948070526,1,0.25,0,0,0,0,
data\raw\train\IHC\02823_train_2+.png,2270.6279296875,0.0021654395386576653,0,0.2,2,0,1,0,
data\raw\train\IHC\02824_train_2+.png,23211.08984375,0.488305002450943,0,0.2,2,0,0,0,
data\raw\train\IHC\02827_train_2+.png,33132.5,0.20615558326244354,0,0.2,2,0,0,0,
data\raw\train\IHC\02828_train_1+.png,139396.765625,1.119158387184143,0,0.2,2,0,0,0,
data\raw\train\IHC\02829_train_3+.png,3765.39892578125,0.03604459762573242,1,0.25,0,0,1,0,
data\raw\train\IHC\02831_train_2+.png,161596.765625,0.5285742282867432,0,0.2,2,0,0,0,
data\raw\train\IHC\02832_train_2+.png,0.0004901847569271922,4.674766129753039e-10,0,0.2,2,1,1,1,
data\raw\train\IHC\02833_train_2+.png,207771.40625,0.8669676780700684,0,0.2,2,0,0,0,
data\raw\train\IHC\02834_train_2+.png,29011.4140625,0.027667440474033356,0,0.2,2,0,1,0,
data\raw\train\IHC\02835_train_2+.png,8172.2568359375,0.007793671451508999,0,0.2,2,0,1,0,
data\raw\train\IHC\02836_train_3+.png,595107.0,0.5681917667388916,1,0.25,0,0,0,0,
data\raw\train\IHC\02837_train_2+.png,26857.8125,1.4594258069992065,0,0.2,2,0,0,0,
data\raw\train\IHC\02838_train_1+.png,203569.9375,0.43158575892448425,0,0.2,2,0,0,0,
data\raw\train\IHC\02839_train_0.png,1114004.75,1.9025319814682007,0,0.2,2,0,0,0,
data\raw\train\IHC\02840_train_1+.png,85507.59375,0.13789768517017365,0,0.2,2,0,0,0,
data\raw\train\IHC\02841_train_3+.png,27107.0234375,1.238159418106079,1,0.25,0,0,0,0,
data\raw\train\IHC\02842_train_3+.png,48280.953125,0.046086542308330536,1,0.25,0,0,1,0,
data\raw\train\IHC\02843_train_3+.png,117127.4453125,0.11173329502344131,1,0.25,0,0,0,0,
data\raw\train\IHC\02845_train_3+.png,0.0004472439468372613,4.266031694566408e-10,1,0.25,0,1,1,1,
data\raw\train\IHC\02848_train_2+.png,160147.15625,0.34133270382881165,0,0.2,2,0,0,0,
data\raw\train\IHC\02849_train_0.png,11756.517578125,0.7933943271636963,0,0.2,2,0,0,0,
data\raw\train\IHC\02850_train_2+.png,47282.52734375,0.658182680606842,0,0.2,2,0,0,0,
data\raw\train\IHC\02851_train_1+.png,161.50721740722656,0.0001540252851555124,0,0.2,2,1,1,1,
data\raw\train\IHC\02852_train_1+.png,657887.375,0.665945291519165,0,0.2,2,0,0,0,
data\raw\train\IHC\02853_train_2+.png,14592.36328125,0.013916362076997757,0,0.2,2,0,1,0,
data\raw\train\IHC\02855_train_1+.png,7950.6123046875,0.007582294754683971,0,0.2,2,0,1,0,
data\raw\train\IHC\02856_train_1+.png,162338.5625,2.5944697856903076,0,0.2,2,0,0,0,
data\raw\train\IHC\02858_train_3+.png,493603.09375,0.47077834606170654,1,0.25,0,0,0,0,
data\raw\train\IHC\02859_train_3+.png,117668.109375,0.11224734783172607,1,0.25,0,0,0,0,
data\raw\train\IHC\02860_train_1+.png,48644.44140625,0.04639095440506935,0,0.2,2,0,1,0,
data\raw\train\IHC\02861_train_1+.png,106499.703125,0.864319384098053,0,0.2,2,0,0,0,
data\raw\train\IHC\02862_train_2+.png,4918.89013671875,0.0046910191886126995,0,0.2,2,0,1,0,
data\raw\train\IHC\02863_train_2+.png,33320.0703125,0.9432166218757629,0,0.2,2,0,0,0,
data\raw\train\IHC\02865_train_0.png,124994.8046875,1.293473482131958,0,0.2,2,0,0,0,
data\raw\train\IHC\02866_train_2+.png,11505.7275390625,0.015737492591142654,0,0.2,2,0,1,0,
data\raw\train\IHC\02869_train_3+.png,124051.90625,0.11957686394453049,1,0.25,0,0,0,0,
data\raw\train\IHC\02870_train_1+.png,53889.4375,0.11191805452108383,0,0.2,2,0,0,0,
data\raw\train\IHC\02871_train_3+.png,7951.78515625,0.0316583476960659,1,0.25,0,0,1,0,
data\raw\train\IHC\02872_train_2+.png,244649.84375,0.5473518371582031,0,0.2,2,0,0,0,
data\raw\train\IHC\02873_train_3+.png,1.0462590580573305e-05,9.979693287032187e-12,1,0.25,0,1,1,1,
data\raw\train\IHC\02874_train_2+.png,7073.77685546875,0.1861177384853363,0,0.2,2,0,0,0,
data\raw\train\IHC\02875_train_3+.png,40252.41796875,0.03839937970042229,1,0.25,0,0,1,0,
data\raw\train\IHC\02876_train_3+.png,1491.80615234375,0.0014239519368857145,1,0.25,0,0,1,0,
data\raw\train\IHC\02877_train_2+.png,487255.15625,0.6727033257484436,0,0.2,2,0,0,0,
data\raw\train\IHC\02878_train_1+.png,164404.25,0.9428579211235046,0,0.2,2,0,0,0,
data\raw\train\IHC\02879_train_3+.png,121130.9765625,0.21457187831401825,1,0.25,0,0,0,0,
data\raw\train\IHC\02880_train_2+.png,50038.140625,0.7503319978713989,0,0.2,2,0,0,0,
data\raw\train\IHC\02881_train_2+.png,9685.8720703125,0.009237167425453663,0,0.2,2,0,1,0,
data\raw\train\IHC\02882_train_2+.png,12605.115234375,0.012021174654364586,0,0.2,2,0,1,0,
data\raw\train\IHC\02883_train_3+.png,2420.432373046875,0.07941572368144989,1,0.25,0,0,0,0,
data\raw\train\IHC\02884_train_1+.png,25.099933624267578,2.393716204096563e-05,0,0.2,2,1,1,1,
data\raw\train\IHC\02885_train_3+.png,16314.623046875,1.4985417127609253,1,0.25,0,0,0,0,
data\raw\train\IHC\02886_train_3+.png,385536.21875,0.3676759898662567,1,0.25,0,0,0,0,
data\raw\train\IHC\02887_train_3+.png,241.93638610839844,0.00044903650996275246,1,0.25,0,1,1,1,
data\raw\train\IHC\02889_train_3+.png,123466.296875,0.7795180082321167,1,0.25,0,0,0,0,
data\raw\train\IHC\02890_train_2+.png,382081.1875,0.5425100922584534,0,0.2,2,0,0,0,
data\raw\train\IHC\02891_train_3+.png,586562.375,0.562065839767456,1,0.25,0,0,0,0,
data\raw\train\IHC\02893_train_1+.png,276319.71875,0.3174654543399811,0,0.2,2,0,0,0,
data\raw\train\IHC\02894_train_3+.png,18303.66796875,0.04306735098361969,1,0.25,0,0,1,0,
data\raw\train\IHC\02895_train_1+.png,9744.4091796875,0.04962749779224396,0,0.2,2,0,1,0,
data\raw\train\IHC\02896_train_2+.png,42340.26171875,0.3872065544128418,0,0.2,2,0,0,0,
data\raw\train\IHC\02897_train_1+.png,512758.34375,0.7014986872673035,0,0.2,2,0,0,0,
data\raw\train\IHC\02898_train_2+.png,148937.78125,0.8234930634498596,0,0.2,2,0,0,0,
data\raw\train\IHC\02899_train_1+.png,65128.4921875,0.062111370265483856,0,0.2,2,0,0,0,
data\raw\train\IHC\02900_train_2+.png,63192.0,0.7165356874465942,0,0.2,2,0,0,0,
data\raw\train\IHC\02901_train_2+.png,14649.51171875,0.013970863074064255,0,0.2,2,0,1,0,
data\raw\train\IHC\02902_train_3+.png,383462.15625,0.36573952436447144,1,0.25,0,0,0,0,
data\raw\train\IHC\02903_train_2+.png,82803.015625,0.6177301406860352,0,0.2,2,0,0,0,
data\raw\train\IHC\02904_train_1+.png,253628.03125,0.3011815845966339,0,0.2,2,0,0,0,
data\raw\train\IHC\02905_train_2+.png,106106.71875,0.6763947606086731,0,0.2,2,0,0,0,
data\raw\train\IHC\02906_train_2+.png,721760.8125,0.6883247494697571,0,0.2,2,0,0,0,
data\raw\train\IHC\02907_train_2+.png,331317.4375,1.991150140762329,0,0.2,2,0,0,0,
data\raw\train\IHC\02909_train_1+.png,426998.4375,0.40721744298934937,0,0.2,2,0,0,0,
data\raw\train\IHC\02910_train_2+.png,2110817.0,2.0130319595336914,0,0.2,2,0,0,0,
data\raw\train\IHC\02911_train_2+.png,656.9452514648438,0.0006265118136070669,0,0.2,2,0,1,0,
data\raw\train\IHC\02912_train_3+.png,121901.171875,0.8204302787780762,1,0.25,0,0,0,0,
data\raw\train\IHC\02913_train_3+.png,845.6631469726562,0.0013993585016578436,1,0.25,0,0,1,0,
data\raw\train\IHC\02914_train_3+.png,2057.6240234375,0.004723741672933102,1,0.25,0,0,1,0,
data\raw\train\IHC\02916_train_3+.png,166679.25,0.765257716178894,1,0.25,0,0,0,0,
data\raw\train\IHC\02917_train_2+.png,5.877202033996582,5.6049366321531124e-06,0,0.2,2,1,1,1,
data\raw\train\IHC\02918_train_3+.png,124734.75,0.11895632743835449,1,0.25,0,0,0,0,
data\raw\train\IHC\02919_train_3+.png,156.88662719726562,0.00014967226888984442,1,0.25,0,1,1,1,
data\raw\train\IHC\02920_train_1+.png,151601.953125,0.14457888901233673,0,0.2,2,0,0,0,
data\raw\train\IHC\02921_train_2+.png,5108.46533203125,0.3262110650539398,0,0.2,2,0,0,0,
data\raw\train\IHC\02923_train_1+.png,43963.890625,0.04192723333835602,0,0.2,2,0,1,0,
data\raw\train\IHC\02925_train_3+.png,43188.36328125,0.06628923118114471,1,0.25,0,0,0,0,
data\raw\train\IHC\02926_train_1+.png,4.956570625305176,4.726954102807213e-06,0,0.2,2,1,1,1,
data\raw\train\IHC\02927_train_2+.png,90863.59375,0.08665427565574646,0,0.2,2,0,0,0,
data\raw\train\IHC\02929_train_3+.png,1507418.625,1.442664623260498,1,0.25,0,0,0,0,
data\raw\train\IHC\02930_train_1+.png,47386.46484375,0.7659532427787781,0,0.2,2,0,0,0,
data\raw\train\IHC\02931_train_2+.png,207343.34375,0.7148464322090149,0,0.2,2,0,0,0,
data\raw\train\IHC\02932_train_2+.png,282114.90625,1.019816517829895,0,0.2,2,0,0,0,
data\raw\train\IHC\02933_train_3+.png,20411.857421875,1.2749443054199219,1,0.25,0,0,0,0,
data\raw\train\IHC\02934_train_1+.png,88.7974624633789,8.468385931337252e-05,0,0.2,2,1,1,1,
data\raw\train\IHC\02935_train_1+.png,582720.375,1.2972663640975952,0,0.2,2,0,0,0,
data\raw\train\IHC\02936_train_3+.png,1547144.25,1.480669617652893,1,0.25,0,0,0,0,
data\raw\train\IHC\02937_train_3+.png,109893.8125,1.0704951286315918,1,0.25,0,0,0,0,
data\raw\train\IHC\02938_train_2+.png,16416.501953125,0.0487220399081707,0,0.2,2,0,1,0,
data\raw\train\IHC\02939_train_3+.png,364343.125,0.3478989899158478,1,0.25,0,0,0,0,
data\raw\train\IHC\02940_train_1+.png,43699.23828125,0.7851949334144592,0,0.2,2,0,0,0,
data\raw\train\IHC\02942_train_1+.png,194256.078125,0.7717701196670532,0,0.2,2,0,0,0,
data\raw\train\IHC\02943_train_2+.png,0.019054973497986794,1.8172238824831766e-08,0,0.2,2,1,1,1,
data\raw\train\IHC\02944_train_3+.png,11174.5380859375,0.03042280115187168,1,0.25,0,0,1,0,
data\raw\train\IHC\02946_train_0.png,475626.6875,0.5520580410957336,0,0.2,2,0,0,0,
data\raw\train\IHC\02947_train_1+.png,8765.32421875,0.034906450659036636,0,0.2,2,0,1,0,
data\raw\train\IHC\02948_train_2+.png,46666.5234375,0.2383827567100525,0,0.2,2,0,0,0,
data\raw\train\IHC\02949_train_2+.png,83786.1796875,0.6097309589385986,0,0.2,2,0,0,0,
data\raw\train\IHC\02950_train_0.png,38554.60546875,0.5101232528686523,0,0.2,2,0,0,0,
data\raw\train\IHC\02951_train_2+.png,64590.84375,0.9955125451087952,0,0.2,2,0,0,0,
data\raw\train\IHC\02952_train_3+.png,30606.203125,0.02920795977115631,1,0.25,0,0,1,0,
data\raw\train\IHC\02953_train_2+.png,138489.1875,0.5115436315536499,0,0.2,2,0,0,0,
data\raw\train\IHC\02956_train_3+.png,27314.552734375,0.42882680892944336,1,0.25,0,0,0,0,
data\raw\train\IHC\02959_train_2+.png,162.1941680908203,0.00015468041237909347,0,0.2,2,1,1,1,
data\raw\train\IHC\02960_train_2+.png,59133.90625,0.11598226428031921,0,0.2,2,0,0,0,
data\raw\train\IHC\02961_train_1+.png,37185.765625,0.5831049084663391,0,0.2,2,0,0,0,
data\raw\train\IHC\02962_train_3+.png,2012.972412109375,0.0019205424468964338,1,0.25,0,0,1,0,
data\raw\train\IHC\02963_train_2+.png,75624.1875,0.6571330428123474,0,0.2,2,0,0,0,
data\raw\train\IHC\02964_train_1+.png,378627.96875,0.36108776926994324,0,0.2,2,0,0,0,
data\raw\train\IHC\02965_train_3+.png,39568.78125,0.07897991687059402,1,0.25,0,0,0,0,
data\raw\train\IHC\02966_train_1+.png,25486.84375,0.06034574285149574,0,0.2,2,0,0,0,
data\raw\train\IHC\02967_train_0.png,16545.470703125,0.8070173859596252,0,0.2,2,0,0,0,
data\raw\train\IHC\02968_train_0.png,377630.59375,0.47094330191612244,0,0.2,2,0,0,0,
data\raw\train\IHC\02969_train_1+.png,54124.73046875,0.5713759660720825,0,0.2,2,0,0,0,
data\raw\train\IHC\02970_train_3+.png,368525.15625,0.5828659534454346,1,0.25,0,0,0,0,
data\raw\train\IHC\02971_train_2+.png,72.37210845947266,6.901942106196657e-05,0,0.2,2,1,1,1,
data\raw\train\IHC\02972_train_3+.png,77711.921875,0.13101695477962494,1,0.25,0,0,0,0,
data\raw\train\IHC\02973_train_2+.png,15676.7197265625,0.014950484968721867,0,0.2,2,0,1,0,
data\raw\train\IHC\02974_train_2+.png,195553.5625,1.1713582277297974,0,0.2,2,0,0,0,
data\raw\train\IHC\02975_train_1+.png,31180.41796875,0.6221277117729187,0,0.2,2,0,0,0,
data\raw\train\IHC\02976_train_2+.png,975595.5625,0.9304004311561584,0,0.2,2,0,0,0,
data\raw\train\IHC\02977_train_2+.png,198483.15625,0.26068562269210815,0,0.2,2,0,0,0,
data\raw\train\IHC\02978_train_2+.png,16533.75390625,0.015767816454172134,0,0.2,2,0,1,0,
data\raw\train\IHC\02979_train_2+.png,586723.8125,0.5595434308052063,0,0.2,2,0,0,0,
data\raw\train\IHC\02980_train_1+.png,151831.65625,0.6842808723449707,0,0.2,2,0,0,0,
data\raw\train\IHC\02981_train_3+.png,367046.65625,0.3503904938697815,1,0.25,0,0,0,0,
data\raw\train\IHC\02982_train_1+.png,982457.625,0.9369446039199829,0,0.2,2,0,0,0,
data\raw\train\IHC\02983_train_3+.png,973105.0625,0.928043007850647,1,0.25,0,0,0,0,
data\raw\train\IHC\02984_train_1+.png,866143.9375,0.8260192275047302,0,0.2,2,0,0,0,
data\raw\train\IHC\02985_train_1+.png,83473.3046875,0.1233430951833725,0,0.2,2,0,0,0,
data\raw\train\IHC\02986_train_2+.png,3062.739501953125,0.002920856000855565,0,0.2,2,0,1,0,
data\raw\train\IHC\02987_train_2+.png,835016.25,1.3941380977630615,0,0.2,2,0,0,0,
data\raw\train\IHC\02989_train_2+.png,18923.49609375,0.018046852201223373,0,0.2,2,0,1,0,
data\raw\train\IHC\02990_train_3+.png,5063.7021484375,0.020935289561748505,1,0.25,0,0,1,0,
data\raw\train\IHC\02991_train_0.png,83.19259643554688,0.00012209230044391006,0,0.2,2,1,1,1,
data\raw\train\IHC\02992_train_3+.png,0.054601725190877914,5.2137597350565557e-08,1,0.25,0,1,1,1,
data\raw\train\IHC\02993_train_2+.png,314690.875,0.30011260509490967,0,0.2,2,0,0,0,
data\raw\train\IHC\02994_train_2+.png,25640.919921875,0.8358625769615173,0,0.2,2,0,0,0,
data\raw\train\IHC\02996_train_1+.png,4806.78369140625,0.08244770765304565,0,0.2,2,0,0,0,
data\raw\train\IHC\02997_train_2+.png,38070.23046875,0.4162682592868805,0,0.2,2,0,0,0,
data\raw\train\IHC\02998_train_3+.png,256892.609375,0.3269476890563965,1,0.25,0,0,0,0,
data\raw\train\IHC\03000_train_2+.png,595744.0,0.8495276570320129,0,0.2,2,0,0,0,
data\raw\train\IHC\03001_train_2+.png,75849.8203125,0.5148259401321411,0,0.2,2,0,0,0,
data\raw\train\IHC\03002_train_2+.png,82493.546875,0.5907079577445984,0,0.2,2,0,0,0,
data\raw\train\IHC\03003_train_3+.png,862.1168212890625,0.0008223762852139771,1,0.25,0,0,1,0,
data\raw\train\IHC\03004_train_1+.png,138557.203125,0.7695783972740173,0,0.2,2,0,0,0,
data\raw\train\IHC\03006_train_2+.png,124239.359375,0.4012717604637146,0,0.2,2,0,0,0,
data\raw\train\IHC\03007_train_1+.png,162.25961303710938,0.0014894675696268678,0,0.2,2,1,1,1,
data\raw\train\IHC\03008_train_2+.png,8964.087890625,0.06869558990001678,0,0.2,2,0,0,0,
data\raw\train\IHC\03009_train_1+.png,114.68449401855469,0.00010937165643554181,0,0.2,2,1,1,1,
data\raw\train\IHC\03010_train_1+.png,75256.421875,0.4259427785873413,0,0.2,2,0,0,0,
data\raw\train\IHC\03011_train_2+.png,10894.099609375,0.8420885801315308,0,0.2,2,0,0,0,
data\raw\train\IHC\03013_train_2+.png,1269.910400390625,0.0012110809329897165,0,0.2,2,0,1,0,
data\raw\train\IHC\03014_train_2+.png,312944.125,0.8581311702728271,0,0.2,2,0,0,0,
data\raw\train\IHC\03015_train_2+.png,167034.6875,0.4530835449695587,0,0.2,2,0,0,0,
data\raw\train\IHC\03016_train_1+.png,794618.5625,0.7578073143959045,0,0.2,2,0,0,0,
data\raw\train\IHC\03017_train_1+.png,1785.310302734375,0.0017026045825332403,0,0.2,2,0,1,0,
data\raw\train\IHC\03018_train_2+.png,681354.9375,0.6497907042503357,0,0.2,2,0,0,0,
data\raw\train\IHC\03019_train_2+.png,141719.84375,0.32961782813072205,0,0.2,2,0,0,0,
data\raw\train\IHC\03020_train_1+.png,49285.63671875,0.7672946453094482,0,0.2,2,0,0,0,
data\raw\train\IHC\03021_train_3+.png,208570.15625,0.8750693798065186,1,0.25,0,0,0,0,
data\raw\train\IHC\03022_train_3+.png,136211.40625,0.13063399493694305,1,0.25,0,0,0,0,
data\raw\train\IHC\03023_train_3+.png,20143.48828125,0.04860657453536987,1,0.25,0,0,1,0,
data\raw\train\IHC\03024_train_2+.png,581905.3125,0.5549481511116028,0,0.2,2,0,0,0,
data\raw\train\IHC\03027_train_3+.png,277.64788818359375,0.08345292508602142,1,0.25,0,1,0,0,
data\raw\train\IHC\03028_train_3+.png,536097.5,0.5164342522621155,1,0.25,0,0,0,0,
data\raw\train\IHC\03029_train_3+.png,246554.75,0.23525498807430267,1,0.25,0,0,0,0,
data\raw\train\IHC\03030_train_3+.png,866.6195678710938,0.0008267810917459428,1,0.25,0,0,1,0,
data\raw\train\IHC\03031_train_3+.png,21958.89453125,0.020941752940416336,1,0.25,0,0,1,0,
data\raw\train\IHC\03034_train_2+.png,1184.0489501953125,0.0011291970731690526,0,0.2,2,0,1,0,
data\raw\train\IHC\03035_train_3+.png,556419.125,0.532370388507843,1,0.25,0,0,0,0,
data\raw\train\IHC\03036_train_2+.png,95364.0390625,0.09094623476266861,0,0.2,2,0,0,0,
data\raw\train\IHC\03037_train_2+.png,138858.078125,0.9550336599349976,0,0.2,2,0,0,0,
data\raw\train\IHC\03039_train_2+.png,2568.710205078125,0.002449712948873639,0,0.2,2,0,1,0,
data\raw\train\IHC\03040_train_3+.png,78692.2578125,0.07516520470380783,1,0.25,0,0,0,0,
data\raw\train\IHC\03041_train_0.png,112887.375,0.12328861653804779,0,0.2,2,0,0,0,
data\raw\train\IHC\03043_train_2+.png,424.6647033691406,0.07479124516248703,0,0.2,2,1,0,0,
data\raw\train\IHC\03044_train_2+.png,95.81388092041016,9.1375237389002e-05,0,0.2,2,1,1,1,
data\raw\train\IHC\03045_train_2+.png,280265.34375,0.8442592024803162,0,0.2,2,0,0,0,
data\raw\train\IHC\03046_train_2+.png,11.105509757995605,1.0591039426799398e-05,0,0.2,2,1,1,1,
data\raw\train\IHC\03047_train_3+.png,1227750.25,1.1708928346633911,1,0.25,0,0,0,0,
data\raw\train\IHC\03048_train_1+.png,111263.8359375,0.7770634889602661,0,0.2,2,0,0,0,
data\raw\train\IHC\03049_train_2+.png,19176.216796875,0.03459169343113899,0,0.2,2,0,1,0,
data\raw\train\IHC\03050_train_3+.png,125576.8046875,0.11976908147335052,1,0.25,0,0,0,0,
data\raw\train\IHC\03051_train_2+.png,1611883.5,1.5372118949890137,0,0.2,2,0,0,0,
data\raw\train\IHC\03053_train_2+.png,3.972535705543123e-05,3.788505273383258e-11,0,0.2,2,1,1,1,
data\raw\train\IHC\03055_train_3+.png,302957.625,0.29182198643684387,1,0.25,0,0,0,0,
data\raw\train\IHC\03056_train_3+.png,32411.02734375,0.031624555587768555,1,0.25,0,0,1,0,
data\raw\train\IHC\03057_train_2+.png,2664842.5,2.5413918495178223,0,0.2,2,0,0,0,
data\raw\train\IHC\03058_train_1+.png,7178.58447265625,0.12480587512254715,0,0.2,2,0,0,0,
data\raw\train\IHC\03059_train_2+.png,126.14623260498047,0.00012030242214677855,0,0.2,2,1,1,1,
data\raw\train\IHC\03060_train_3+.png,909637.6875,0.8675965666770935,1,0.25,0,0,0,0,
data\raw\train\IHC\03061_train_1+.png,61390.80859375,0.4899349510669708,0,0.2,2,0,0,0,
data\raw\train\IHC\03062_train_2+.png,638834.9375,1.203437089920044,0,0.2,2,0,0,0,
data\raw\train\IHC\03063_train_2+.png,6626.95654296875,0.006319958250969648,0,0.2,2,0,1,0,
data\raw\train\IHC\03064_train_0.png,31439.890625,1.5407934188842773,0,0.2,2,0,0,0,
data\raw\train\IHC\03065_train_3+.png,522426.65625,0.498233437538147,1,0.25,0,0,0,0,
data\raw\train\IHC\03066_train_1+.png,375539.28125,1.3439091444015503,0,0.2,2,0,0,0,
data\raw\train\IHC\03067_train_1+.png,12183.2548828125,0.861616313457489,0,0.2,2,0,0,0,
data\raw\train\IHC\03068_train_3+.png,611842.625,0.5834997296333313,1,0.25,0,0,0,0,
data\raw\train\IHC\03069_train_2+.png,398095.6875,1.1800917387008667,0,0.2,2,0,0,0,
data\raw\train\IHC\03071_train_1+.png,26.876218795776367,2.5631159587646835e-05,0,0.2,2,1,1,1,
data\raw\train\IHC\03072_train_3+.png,935011.625,2.8600449562072754,1,0.25,0,0,0,0,
data\raw\train\IHC\03073_train_1+.png,1398179.625,1.333407998085022,0,0.2,2,0,0,0,
data\raw\train\IHC\03074_train_2+.png,300778.96875,0.2868451774120331,0,0.2,2,0,0,0,
data\raw\train\IHC\03075_train_3+.png,75810.6953125,1.3663769960403442,1,0.25,0,0,0,0,
data\raw\train\IHC\03076_train_1+.png,175811.265625,1.344020128250122,0,0.2,2,0,0,0,
data\raw\train\IHC\03077_train_1+.png,510414.96875,0.4867696464061737,0,0.2,2,0,0,0,
data\raw\train\IHC\03079_train_2+.png,4.867535541297485e-11,4.642043629930005e-17,0,0.2,2,1,1,1,
data\raw\train\IHC\03080_train_3+.png,462.41253662109375,0.0004416998999658972,1,0.25,0,1,1,1,
data\raw\train\IHC\03081_train_1+.png,595968.125,0.5683594942092896,0,0.2,2,0,0,0,
data\raw\train\IHC\03082_train_1+.png,243675.84375,0.7938513159751892,0,0.2,2,0,0,0,
data\raw\train\IHC\03083_train_0.png,1333.0751953125,0.012124487198889256,0,0.2,2,0,1,0,
data\raw\train\IHC\03084_train_2+.png,18221.1484375,0.6509878039360046,0,0.2,2,0,0,0,
data\raw\train\IHC\03085_train_2+.png,448375.03125,0.42760375142097473,0,0.2,2,0,0,0,
data\raw\train\IHC\03087_train_3+.png,147.11061096191406,0.0035428705159574747,1,0.25,0,1,1,1,
data\raw\train\IHC\03088_train_3+.png,12.314301490783691,1.1749031727958936e-05,1,0.25,0,1,1,1,
data\raw\train\IHC\03089_train_3+.png,293373.25,0.2798054814338684,1,0.25,0,0,0,0,
data\raw\train\IHC\03090_train_2+.png,41225.33203125,0.2291085422039032,0,0.2,2,0,0,0,
data\raw\train\IHC\03091_train_0.png,60893.48046875,0.36419546604156494,0,0.2,2,0,0,0,
data\raw\train\IHC\03093_train_2+.png,13378.908203125,0.012759121134877205,0,0.2,2,0,1,0,
data\raw\train\IHC\03095_train_3+.png,464902.375,0.4433658719062805,1,0.25,0,0,0,0,
data\raw\train\IHC\03096_train_3+.png,1011.2789916992188,0.0009663864620961249,1,0.25,0,0,1,0,
data\raw\train\IHC\03097_train_1+.png,525119.4375,0.6092579364776611,0,0.2,2,0,0,0,
data\raw\train\IHC\03098_train_2+.png,153314.28125,0.1462118923664093,0,0.2,2,0,0,0,
data\raw\train\IHC\03100_train_1+.png,636903.25,0.8286752700805664,0,0.2,2,0,0,0,
data\raw\train\IHC\03101_train_1+.png,2212.292236328125,0.0021098062861710787,0,0.2,2,0,1,0,
data\raw\train\IHC\03102_train_3+.png,203.80026245117188,0.5172595381736755,1,0.25,0,1,0,0,
data\raw\train\IHC\03104_train_1+.png,109939.7578125,1.1066906452178955,0,0.2,2,0,0,0,
data\raw\train\IHC\03105_train_2+.png,157741.109375,0.15043364465236664,0,0.2,2,0,0,0,
data\raw\train\IHC\03107_train_2+.png,111.00887298583984,0.00010586631105979905,0,0.2,2,1,1,1,
data\raw\train\IHC\03108_train_1+.png,536524.1875,0.5116693377494812,0,0.2,2,0,0,0,
data\raw\train\IHC\03109_train_2+.png,314915.0625,0.300326406955719,0,0.2,2,0,0,0,
data\raw\train\IHC\03110_train_1+.png,499554.125,0.47641193866729736,0,0.2,2,0,0,0,
data\raw\train\IHC\03111_train_2+.png,13893.2509765625,0.025553155690431595,0,0.2,2,0,1,0,
data\raw\train\IHC\03112_train_2+.png,1087.5321044921875,0.0010371514363214374,0,0.2,2,0,1,0,
data\raw\train\IHC\03113_train_2+.png,3051.706298828125,0.0029103339184075594,0,0.2,2,0,1,0,
data\raw\train\IHC\03114_train_2+.png,5549.85693359375,0.00943970400840044,0,0.2,2,0,1,0,
data\raw\train\IHC\03115_train_2+.png,238021.8125,1.1966487169265747,0,0.2,2,0,0,0,
data\raw\train\IHC\03116_train_3+.png,4641.2265625,0.007438363507390022,1,0.25,0,0,1,0,
data\raw\train\IHC\03117_train_3+.png,152285.875,0.7890255451202393,1,0.25,0,0,0,0,
data\raw\train\IHC\03118_train_3+.png,163.99554443359375,0.0026324368081986904,1,0.25,0,1,1,1,
data\raw\train\IHC\03119_train_2+.png,79509.390625,0.07582606375217438,0,0.2,2,0,0,0,
data\raw\train\IHC\03120_train_1+.png,45900.609375,0.7142062783241272,0,0.2,2,0,0,0,
data\raw\train\IHC\03121_train_3+.png,326.2010498046875,0.244162455201149,1,0.25,0,1,0,0,
data\raw\train\IHC\03122_train_2+.png,45152.62109375,0.6967781782150269,0,0.2,2,0,0,0,
data\raw\train\IHC\03123_train_2+.png,798219.9375,0.7612418532371521,0,0.2,2,0,0,0,
data\raw\train\IHC\03124_train_1+.png,477648.90625,0.45552149415016174,0,0.2,2,0,0,0,
data\raw\train\IHC\03125_train_2+.png,834449.125,0.7957926988601685,0,0.2,2,0,0,0,
data\raw\train\IHC\03126_train_2+.png,448.55914306640625,0.0004277793341316283,0,0.2,2,1,1,1,
data\raw\train\IHC\03129_train_3+.png,435.6812744140625,0.6982071995735168,1,0.25,0,1,0,0,
data\raw\train\IHC\03130_train_3+.png,26373.896484375,0.025152131915092468,1,0.25,0,0,1,0,
data\raw\train\IHC\03131_train_1+.png,43.27953338623047,4.1274579416494817e-05,0,0.2,2,1,1,1,
data\raw\train\IHC\03133_train_1+.png,4776.681640625,0.004555398598313332,0,0.2,2,0,1,0,
data\raw\train\IHC\03134_train_2+.png,5564.8369140625,0.05741562321782112,0,0.2,2,0,0,0,
data\raw\train\IHC\03135_train_0.png,211129.9375,0.5829307436943054,0,0.2,2,0,0,0,
data\raw\train\IHC\03136_train_3+.png,5.195751190185547,4.962323600921081e-06,1,0.25,0,1,1,1,
data\raw\train\IHC\03137_train_1+.png,179644.671875,0.619231641292572,0,0.2,2,0,0,0,
data\raw\train\IHC\03138_train_1+.png,602007.75,0.5741193294525146,0,0.2,2,0,0,0,
data\raw\train\IHC\03140_train_2+.png,1103568.75,1.0524451732635498,0,0.2,2,0,0,0,
data\raw\train\IHC\03141_train_3+.png,749826.625,0.7155598998069763,1,0.25,0,0,0,0,
data\raw\train\IHC\03142_train_2+.png,83478.0234375,1.2307854890823364,0,0.2,2,0,0,0,
data\raw\train\IHC\03143_train_2+.png,184.95309448242188,0.00017638501594774425,0,0.2,2,1,1,1,
data\raw\train\IHC\03144_train_2+.png,27717.65625,0.3699633777141571,0,0.2,2,0,0,0,
data\raw\train\IHC\03145_train_1+.png,969313.25,1.1721687316894531,0,0.2,2,0,0,0,
data\raw\train\IHC\03146_train_0.png,12316.4755859375,0.5828628540039062,0,0.2,2,0,0,0,
data\raw\train\IHC\03149_train_1+.png,63538.6796875,0.840892493724823,0,0.2,2,0,0,0,
data\raw\train\IHC\03150_train_2+.png,1495189.5,1.4259238243103027,0,0.2,2,0,0,0,
data\raw\train\IHC\03151_train_1+.png,903772.25,0.8619043827056885,0,0.2,2,0,0,0,
data\raw\train\IHC\03152_train_0.png,1116550.375,1.1856412887573242,0,0.2,2,0,0,0,
data\raw\train\IHC\03153_train_2+.png,2459.672119140625,0.16249403357505798,0,0.2,2,0,0,0,
data\raw\train\IHC\03155_train_2+.png,6448.3955078125,0.3627585172653198,0,0.2,2,0,0,0,
data\raw\train\IHC\03156_train_0.png,64697.140625,0.07521576434373856,0,0.2,2,0,0,0,
data\raw\train\IHC\03157_train_3+.png,253163.234375,0.3062342405319214,1,0.25,0,0,0,0,
data\raw\train\IHC\03158_train_2+.png,721225.9375,0.6878146529197693,0,0.2,2,0,0,0,
data\raw\train\IHC\03159_train_2+.png,251855.34375,0.24018797278404236,0,0.2,2,0,0,0,
data\raw\train\IHC\03160_train_3+.png,48.89838790893555,4.664127482101321e-05,1,0.25,0,1,1,1,
data\raw\train\IHC\03161_train_2+.png,2800.098388671875,0.0026703819166868925,0,0.2,2,0,1,0,
data\raw\train\IHC\03162_train_3+.png,565338.875,2.022498369216919,1,0.25,0,0,0,0,
data\raw\train\IHC\03163_train_2+.png,350734.15625,1.171049952507019,0,0.2,2,0,0,0,
data\raw\train\IHC\03164_train_1+.png,43480.4765625,0.5898697376251221,0,0.2,2,0,0,0,
data\raw\train\IHC\03165_train_3+.png,541625.125,0.5165339708328247,1,0.25,0,0,0,0,
data\raw\train\IHC\03166_train_1+.png,229352.21875,1.0240172147750854,0,0.2,2,0,0,0,
data\raw\train\IHC\03167_train_1+.png,147.89710998535156,0.00014104567526374012,0,0.2,2,1,1,1,
data\raw\train\IHC\03168_train_2+.png,13191.435546875,0.32496023178100586,0,0.2,2,0,0,0,
data\raw\train\IHC\03169_train_2+.png,25321.5625,0.1814645379781723,0,0.2,2,0,0,0,
data\raw\train\IHC\03170_train_2+.png,48623.58203125,0.046371061354875565,0,0.2,2,0,1,0,
data\raw\train\IHC\03171_train_2+.png,9.577421188354492,9.133740604738705e-06,0,0.2,2,1,1,1,
data\raw\train\IHC\03172_train_3+.png,14600.0009765625,1.873476266860962,1,0.25,0,0,0,0,
data\raw\train\IHC\03174_train_3+.png,457.3593444824219,0.006485342979431152,1,0.25,0,1,1,1,
data\raw\train\IHC\03175_train_1+.png,34144.71484375,0.03256293758749962,0,0.2,2,0,1,0,
data\raw\train\IHC\03176_train_1+.png,502.0647277832031,0.00047880623606033623,0,0.2,2,0,1,0,
data\raw\train\IHC\03177_train_1+.png,824698.3125,0.7864935994148254,0,0.2,2,0,0,0,
data\raw\train\IHC\03179_train_2+.png,4194.0625,0.003999769687652588,0,0.2,2,0,1,0,
data\raw\train\IHC\03180_train_2+.png,31761.1953125,0.03028983622789383,0,0.2,2,0,1,0,
data\raw\train\IHC\03181_train_2+.png,38138.04296875,0.9354208111763,0,0.2,2,0,0,0,
data\raw\train\IHC\03182_train_2+.png,34816.73046875,0.7905526757240295,0,0.2,2,0,0,0,
data\raw\train\IHC\03183_train_2+.png,372095.84375,1.0237741470336914,0,0.2,2,0,0,0,
data\raw\train\IHC\03185_train_2+.png,22.423721313476562,0.12120930105447769,0,0.2,2,1,0,0,
data\raw\train\IHC\03186_train_2+.png,23613.693359375,1.0185779333114624,0,0.2,2,0,0,0,
data\raw\train\IHC\03188_train_1+.png,768968.9375,0.9669950008392334,0,0.2,2,0,0,0,
data\raw\train\IHC\03189_train_3+.png,59941.62890625,0.05762753635644913,1,0.25,0,0,0,0,
data\raw\train\IHC\03190_train_3+.png,51.959938049316406,0.0009069159859791398,1,0.25,0,1,1,1,
data\raw\train\IHC\03191_train_2+.png,73049.6328125,0.518049418926239,0,0.2,2,0,0,0,
data\raw\train\IHC\03192_train_1+.png,531103.75,0.5065000057220459,0,0.2,2,0,0,0,
data\raw\train\IHC\03193_train_2+.png,5.474964618682861,5.221333140070783e-06,0,0.2,2,1,1,1,
data\raw\train\IHC\03195_train_3+.png,28796.478515625,0.04360942170023918,1,0.25,0,0,1,0,
data\raw\train\IHC\03197_train_1+.png,67750.2265625,0.8557671308517456,0,0.2,2,0,0,0,
data\raw\train\IHC\03198_train_2+.png,22873.8203125,0.5940480828285217,0,0.2,2,0,0,0,
data\raw\train\IHC\03199_train_2+.png,72793.671875,0.5425642132759094,0,0.2,2,0,0,0,
data\raw\train\IHC\03200_train_1+.png,549516.125,0.5240594148635864,0,0.2,2,0,0,0,
data\raw\train\IHC\03201_train_1+.png,1190215.0,1.1350774765014648,0,0.2,2,0,0,0,
data\raw\train\IHC\03203_train_2+.png,123.73944091796875,0.00011800712672993541,0,0.2,2,1,1,1,
data\raw\train\IHC\03204_train_2+.png,0.010681170970201492,1.018635842342519e-08,0,0.2,2,1,1,1,
data\raw\train\IHC\03205_train_2+.png,215769.75,1.0034822225570679,0,0.2,2,0,0,0,
data\raw\train\IHC\03206_train_1+.png,34092.7890625,0.831693708896637,0,0.2,2,0,0,0,
data\raw\train\IHC\03207_train_1+.png,514202.59375,0.49038180708885193,0,0.2,2,0,0,0,
data\raw\train\IHC\03208_train_1+.png,135922.8125,0.545708179473877,0,0.2,2,0,0,0,
data\raw\train\IHC\03210_train_2+.png,42587.5078125,0.05828427895903587,0,0.2,2,0,0,0,
data\raw\train\IHC\03211_train_3+.png,309.74078369140625,0.0002954090014100075,1,0.25,0,1,1,1,
data\raw\train\IHC\03212_train_3+.png,525087.5,0.7736358046531677,1,0.25,0,0,0,0,
data\raw\train\IHC\03213_train_3+.png,1630.350341796875,0.002342797350138426,1,0.25,0,0,1,0,
data\raw\train\IHC\03215_train_3+.png,60481.625,0.1448287069797516,1,0.25,0,0,0,0,
data\raw\train\IHC\03216_train_2+.png,293718.25,1.1260993480682373,0,0.2,2,0,0,0,
data\raw\train\IHC\03217_train_2+.png,196527.359375,0.2804989218711853,0,0.2,2,0,0,0,
data\raw\train\IHC\03218_train_1+.png,19011.126953125,1.5703887939453125,0,0.2,2,0,0,0,
data\raw\train\IHC\03219_train_3+.png,924.6273193359375,0.00088297895854339,1,0.25,0,0,1,0,
data\raw\train\IHC\03220_train_3+.png,354237.25,0.6237965822219849,1,0.25,0,0,0,0,
data\raw\train\IHC\03221_train_3+.png,0.00012660466018132865,1.2078833766526742e-10,1,0.25,0,1,1,1,
data\raw\train\IHC\03222_train_1+.png,5466.6064453125,0.21073229610919952,0,0.2,2,0,0,0,
data\raw\train\IHC\03223_train_2+.png,1663.4920654296875,0.0015864296583458781,0,0.2,2,0,1,0,
data\raw\train\IHC\03224_train_0.png,423858.1875,0.7501012086868286,0,0.2,2,0,0,0,
data\raw\train\IHC\03225_train_1+.png,1.3406684616634745e-11,1.2785610787043329e-17,0,0.2,2,1,1,1,
data\raw\train\IHC\03226_train_3+.png,6577.3994140625,0.013119455426931381,1,0.25,0,0,1,0,
data\raw\train\IHC\03228_train_2+.png,273201.09375,0.26054486632347107,0,0.2,2,0,0,0,
data\raw\train\IHC\03230_train_2+.png,577544.25,1.157060146331787,0,0.2,2,0,0,0,
data\raw\train\IHC\03231_train_1+.png,26638.05078125,0.025404024869203568,0,0.2,2,0,1,0,
data\raw\train\IHC\03232_train_3+.png,755.856689453125,0.16871801018714905,1,0.25,0,0,0,0,
data\raw\train\IHC\03233_train_1+.png,248246.296875,0.30501097440719604,0,0.2,2,0,0,0,
data\raw\train\IHC\03234_train_2+.png,0.1982748657464981,1.8908964705133258e-07,0,0.2,2,1,1,1,
data\raw\train\IHC\03235_train_1+.png,28564.556640625,0.7452855110168457,0,0.2,2,0,0,0,
data\raw\train\IHC\03238_train_3+.png,13355.79296875,1.1158653497695923,1,0.25,0,0,0,0,
data\raw\train\IHC\03239_train_1+.png,26748.794921875,0.025509638711810112,0,0.2,2,0,1,0,
data\raw\train\IHC\03240_train_0.png,613095.5,0.7928095459938049,0,0.2,2,0,0,0,
data\raw\train\IHC\03241_train_1+.png,74754.4609375,0.7202749848365784,0,0.2,2,0,0,0,
data\raw\train\IHC\03242_train_2+.png,496331.40625,0.4733385145664215,0,0.2,2,0,0,0,
data\raw\train\IHC\03245_train_3+.png,258932.4375,1.1620491743087769,1,0.25,0,0,0,0,
data\raw\train\IHC\03247_train_2+.png,4224.00927734375,0.004028329160064459,0,0.2,2,0,1,0,
data\raw\train\IHC\03248_train_0.png,69263.296875,0.21889808773994446,0,0.2,2,0,0,0,
data\raw\train\IHC\03249_train_2+.png,140499.96875,0.35971030592918396,0,0.2,2,0,0,0,
data\raw\train\IHC\03251_train_0.png,557280.625,0.7269756197929382,0,0.2,2,0,0,0,
data\raw\train\IHC\03252_train_2+.png,183.6876983642578,0.00017517824016977102,0,0.2,2,1,1,1,
data\raw\train\IHC\03253_train_0.png,5397.83203125,0.13486488163471222,0,0.2,2,0,0,0,
data\raw\train\IHC\03254_train_3+.png,6275.49609375,0.005986075382679701,1,0.25,0,0,1,0,
data\raw\train\IHC\03255_train_2+.png,21184.673828125,0.020203279331326485,0,0.2,2,0,1,0,
data\raw\train\IHC\03256_train_1+.png,385788.09375,0.36791619658470154,0,0.2,2,0,0,0,
data\raw\train\IHC\03257_train_3+.png,12852.953125,0.01271871943026781,1,0.25,0,0,1,0,
data\raw\train\IHC\03259_train_3+.png,41122.9140625,0.2699842154979706,1,0.25,0,0,0,0,
data\raw\train\IHC\03260_train_0.png,79293.890625,1.04268217086792,0,0.2,2,0,0,0,
data\raw\train\IHC\03261_train_2+.png,809.5471801757812,0.048756152391433716,0,0.2,2,0,1,0,
data\raw\train\IHC\03262_train_1+.png,348334.65625,1.2504160404205322,0,0.2,2,0,0,0,
data\raw\train\IHC\03263_train_3+.png,3053.377685546875,0.019175050780177116,1,0.25,0,0,1,0,
data\raw\train\IHC\03265_train_2+.png,607854.6875,0.5796954035758972,0,0.2,2,0,0,0,
data\raw\train\IHC\03266_train_0.png,158089.53125,0.9623117446899414,0,0.2,2,0,0,0,
data\raw\train\IHC\03267_train_3+.png,2071.47314453125,0.006565995514392853,1,0.25,0,0,1,0,
data\raw\train\IHC\03268_train_3+.png,3671.821044921875,0.008466738276183605,1,0.25,0,0,1,0,
data\raw\train\IHC\03269_train_3+.png,171210.671875,0.7142348885536194,1,0.25,0,0,0,0,
data\raw\train\IHC\03270_train_2+.png,194116.796875,0.5359914302825928,0,0.2,2,0,0,0,
data\raw\train\IHC\03271_train_1+.png,29105.5234375,0.8568512797355652,0,0.2,2,0,0,0,
data\raw\train\IHC\03272_train_2+.png,52611.109375,0.7918112874031067,0,0.2,2,0,0,0,
data\raw\train\IHC\03274_train_2+.png,1295316.0,1.2353096008300781,0,0.2,2,0,0,0,
data\raw\train\IHC\03275_train_3+.png,184734.921875,0.7062299251556396,1,0.25,0,0,0,0,
data\raw\train\IHC\03276_train_2+.png,1013227.5,0.9662890434265137,0,0.2,2,0,0,0,
data\raw\train\IHC\03277_train_3+.png,383898.34375,0.46859845519065857,1,0.25,0,0,0,0,
data\raw\train\IHC\03278_train_3+.png,20221.23046875,0.019327230751514435,1,0.25,0,0,1,0,
data\raw\train\IHC\03279_train_3+.png,55809.22265625,0.05363048240542412,1,0.25,0,0,0,0,
data\raw\train\IHC\03280_train_0.png,487631.96875,0.5772807598114014,0,0.2,2,0,0,0,
data\raw\train\IHC\03281_train_3+.png,879298.9375,2.9125888347625732,1,0.25,0,0,0,0,
data\raw\train\IHC\03282_train_1+.png,144962.234375,0.8259250521659851,0,0.2,2,0,0,0,
data\raw\train\IHC\03283_train_3+.png,108828.5546875,0.10469136387109756,1,0.25,0,0,0,0,
data\raw\train\IHC\03284_train_1+.png,800216.25,0.911493182182312,0,0.2,2,0,0,0,
data\raw\train\IHC\03286_train_2+.png,81437.609375,0.07766495645046234,0,0.2,2,0,0,0,
data\raw\train\IHC\03287_train_2+.png,472736.125,0.45083630084991455,0,0.2,2,0,0,0,
data\raw\train\IHC\03288_train_2+.png,2576.308349609375,0.002456959104165435,0,0.2,2,0,1,0,
data\raw\train\IHC\03289_train_2+.png,2186.390380859375,0.004437298979610205,0,0.2,2,0,1,0,
data\raw\train\IHC\03290_train_2+.png,58534.00390625,0.714413046836853,0,0.2,2,0,0,0,
data\raw\train\IHC\03291_train_3+.png,30269.755859375,1.5356004238128662,1,0.25,0,0,0,0,
data\raw\train\IHC\03292_train_2+.png,263721.6875,0.8953163027763367,0,0.2,2,0,0,0,
data\raw\train\IHC\03293_train_1+.png,722085.125,0.6886340379714966,0,0.2,2,0,0,0,
data\raw\train\IHC\03294_train_3+.png,370272.25,0.35336413979530334,1,0.25,0,0,0,0,
data\raw\train\IHC\03295_train_3+.png,373433.71875,0.35613515973091125,1,0.25,0,0,0,0,
data\raw\train\IHC\03296_train_3+.png,638760.75,0.6091697216033936,1,0.25,0,0,0,0,
data\raw\train\IHC\03297_train_2+.png,134992.1875,0.2007238119840622,0,0.2,2,0,0,0,
data\raw\train\IHC\03298_train_3+.png,189.2737579345703,0.0001805337524274364,1,0.25,0,1,1,1,
data\raw\train\IHC\03299_train_2+.png,44284.08203125,0.6979807019233704,0,0.2,2,0,0,0,
data\raw\train\IHC\03300_train_1+.png,1258191.625,1.1999050378799438,0,0.2,2,0,0,0,
data\raw\train\IHC\03301_train_1+.png,134594.9375,0.8885326981544495,0,0.2,2,0,0,0,
data\raw\train\IHC\03302_train_2+.png,252223.046875,1.0159878730773926,0,0.2,2,0,0,0,
data\raw\train\IHC\03303_train_1+.png,25369.09765625,0.25625091791152954,0,0.2,2,0,0,0,
data\raw\train\IHC\03304_train_2+.png,320407.84375,0.759233295917511,0,0.2,2,0,0,0,
data\raw\train\IHC\03305_train_1+.png,257551.140625,0.5406047701835632,0,0.2,2,0,0,0,
data\raw\train\IHC\03306_train_1+.png,75640.921875,0.9774749279022217,0,0.2,2,0,0,0,
data\raw\train\IHC\03309_train_1+.png,111215.5390625,0.4623827636241913,0,0.2,2,0,0,0,
data\raw\train\IHC\03310_train_2+.png,2104.0458984375,0.002006574533879757,0,0.2,2,0,1,0,
data\raw\train\IHC\03311_train_1+.png,834.2034912109375,0.000795558444224298,0,0.2,2,0,1,0,
data\raw\train\IHC\03312_train_0.png,73595.671875,0.6774893999099731,0,0.2,2,0,0,0,
data\raw\train\IHC\03313_train_2+.png,116701.8828125,0.8267465233802795,0,0.2,2,0,0,0,
data\raw\train\IHC\03314_train_2+.png,282441.84375,1.311718463897705,0,0.2,2,0,0,0,
data\raw\train\IHC\03315_train_3+.png,123144.6953125,0.11743993312120438,1,0.25,0,0,0,0,
data\raw\train\IHC\03316_train_2+.png,30.61703109741211,2.919867620221339e-05,0,0.2,2,1,1,1,
data\raw\train\IHC\03318_train_1+.png,108290.7578125,0.5667952299118042,0,0.2,2,0,0,0,
data\raw\train\IHC\03319_train_2+.png,707590.375,0.9723962545394897,0,0.2,2,0,0,0,
data\raw\train\IHC\03320_train_3+.png,6730.1103515625,0.029894063249230385,1,0.25,0,0,1,0,
data\raw\train\IHC\03321_train_3+.png,99525.6328125,0.09550194442272186,1,0.25,0,0,0,0,
data\raw\train\IHC\03323_train_1+.png,29260.79296875,0.9800640940666199,0,0.2,2,0,0,0,
data\raw\train\IHC\03324_train_2+.png,875385.125,0.8348323106765747,0,0.2,2,0,0,0,
data\raw\train\IHC\03325_train_2+.png,2.4116452834732627e-08,2.2999241671307208e-14,0,0.2,2,1,1,1,
data\raw\train\IHC\03326_train_1+.png,304460.9375,0.7485376000404358,0,0.2,2,0,0,0,
data\raw\train\IHC\03327_train_3+.png,826.4246826171875,0.0016718583647161722,1,0.25,0,0,1,0,
data\raw\train\IHC\03328_train_2+.png,1185808.75,1.1308753490447998,0,0.2,2,0,0,0,
data\raw\train\IHC\03329_train_2+.png,369.36907958984375,0.00035225780447945,0,0.2,2,1,1,1,
data\raw\train\IHC\03330_train_2+.png,5777.74072265625,0.005510082934051752,0,0.2,2,0,1,0,
data\raw\train\IHC\03331_train_3+.png,3121.21484375,0.004846953321248293,1,0.25,0,0,1,0,
data\raw\train\IHC\03332_train_1+.png,218.44676208496094,0.00020832706650253385,0,0.2,2,1,1,1,
data\raw\train\IHC\03333_train_2+.png,1233.6300048828125,0.001176481251604855,0,0.2,2,0,1,0,
data\raw\train\IHC\03334_train_3+.png,175718.890625,0.1689780205488205,1,0.25,0,0,0,0,
data\raw\train\IHC\03335_train_1+.png,14269.8828125,0.41688233613967896,0,0.2,2,0,0,0,
data\raw\train\IHC\03336_train_1+.png,59592.64453125,1.0691757202148438,0,0.2,2,0,0,0,
data\raw\train\IHC\03337_train_3+.png,379752.125,0.3621629476547241,1,0.25,0,0,0,0,
data\raw\train\IHC\03338_train_3+.png,189848.328125,0.7350541949272156,1,0.25,0,0,0,0,
data\raw\train\IHC\03339_train_2+.png,23.867511749267578,2.2761832951800898e-05,0,0.2,2,1,1,1,
data\raw\train\IHC\03340_train_2+.png,8617.7548828125,0.008218531496822834,0,0.2,2,0,1,0,
data\raw\train\IHC\03341_train_2+.png,271.0816345214844,0.0032193821389228106,0,0.2,2,1,1,1,
data\raw\train\IHC\03342_train_2+.png,25369.5390625,0.03179909288883209,0,0.2,2,0,1,0,
data\raw\train\IHC\03343_train_0.png,187703.25,0.2574920952320099,0,0.2,2,0,0,0,
data\raw\train\IHC\03344_train_3+.png,310707.15625,0.2964347004890442,1,0.25,0,0,0,0,
data\raw\train\IHC\03345_train_3+.png,0.3044358193874359,2.9208780460976413e-07,1,0.25,0,1,1,1,
data\raw\train\IHC\03346_train_3+.png,241256.25,0.23007988929748535,1,0.25,0,0,0,0,
data\raw\train\IHC\03347_train_2+.png,1888086.25,1.80061936378479,0,0.2,2,0,0,0,
data\raw\train\IHC\03348_train_2+.png,44565.25,0.04250073432922363,0,0.2,2,0,1,0,
data\raw\train\IHC\03349_train_2+.png,49411.99609375,1.1673043966293335,0,0.2,2,0,0,0,
data\raw\train\IHC\03350_train_2+.png,55418.1796875,0.8240498900413513,0,0.2,2,0,0,0,
data\raw\train\IHC\03351_train_2+.png,1345658.75,1.2833201885223389,0,0.2,2,0,0,0,
data\raw\train\IHC\03352_train_2+.png,90911.7578125,0.618796706199646,0,0.2,2,0,0,0,
data\raw\train\IHC\03353_train_3+.png,290940.375,0.8596893548965454,1,0.25,0,0,0,0,
data\raw\train\IHC\03354_train_2+.png,7208.28271484375,0.08241428434848785,0,0.2,2,0,0,0,
data\raw\train\IHC\03355_train_2+.png,9453.8251953125,0.009015870280563831,0,0.2,2,0,1,0,
data\raw\train\IHC\03356_train_3+.png,8956.2841796875,0.03097420372068882,1,0.25,0,0,1,0,
data\raw\train\IHC\03357_train_1+.png,1175693.5,1.1212286949157715,0,0.2,2,0,0,0,
data\raw\train\IHC\03358_train_1+.png,251107.71875,1.1309987306594849,0,0.2,2,0,0,0,
data\raw\train\IHC\03359_train_1+.png,147527.3125,1.2448827028274536,0,0.2,2,0,0,0,
data\raw\train\IHC\03360_train_1+.png,736656.25,0.7025301456451416,0,0.2,2,0,0,0,
data\raw\train\IHC\03361_train_3+.png,356717.59375,1.022579312324524,1,0.25,0,0,0,0,
data\raw\train\IHC\03362_train_2+.png,340458.6875,0.8089517951011658,0,0.2,2,0,0,0,
data\raw\train\IHC\03363_train_3+.png,420447.84375,1.2745941877365112,1,0.25,0,0,0,0,
data\raw\train\IHC\03364_train_2+.png,593369.0,0.7385199069976807,0,0.2,2,0,0,0,
data\raw\train\IHC\03365_train_2+.png,6132.23095703125,0.02287898398935795,0,0.2,2,0,1,0,
data\raw\train\IHC\03366_train_2+.png,50202.62109375,0.04787695035338402,0,0.2,2,0,1,0,
data\raw\train\IHC\03367_train_2+.png,215.11306762695312,0.00020514780771918595,0,0.2,2,1,1,1,
data\raw\train\IHC\03368_train_2+.png,5.482948381541064e-06,5.228947049656929e-12,0,0.2,2,1,1,1,
data\raw\train\IHC\03369_train_1+.png,312578.59375,0.2980981767177582,0,0.2,2,0,0,0,
data\raw\train\IHC\03370_train_3+.png,1869218.875,1.794819951057434,1,0.25,0,0,0,0,
data\raw\train\IHC\03371_train_3+.png,393112.0,0.6416447758674622,1,0.25,0,0,0,0,
data\raw\train\IHC\03372_train_1+.png,38115.953125,0.9301565289497375,0,0.2,2,0,0,0,
data\raw\train\IHC\03373_train_3+.png,451110.9375,0.43021291494369507,1,0.25,0,0,0,0,
data\raw\train\IHC\03374_train_1+.png,1456074.625,1.3886209726333618,0,0.2,2,0,0,0,
data\raw\train\IHC\03375_train_2+.png,1443079.875,1.3762282133102417,0,0.2,2,0,0,0,
data\raw\train\IHC\03376_train_2+.png,3952.0849609375,0.0037690019235014915,0,0.2,2,0,1,0,
data\raw\train\IHC\03377_train_2+.png,193814.078125,0.934467077255249,0,0.2,2,0,0,0,
data\raw\train\IHC\03378_train_2+.png,0.0009236112236976624,8.808243023850082e-10,0,0.2,2,1,1,1,
data\raw\train\IHC\03379_train_2+.png,20250.1875,0.6336302161216736,0,0.2,2,0,0,0,
data\raw\train\IHC\03380_train_2+.png,62876.42578125,0.3337124288082123,0,0.2,2,0,0,0,
data\raw\train\IHC\03381_train_1+.png,54778.28125,0.33395689725875854,0,0.2,2,0,0,0,
data\raw\train\IHC\03382_train_3+.png,130141.0625,0.1566324681043625,1,0.25,0,0,0,0,
data\raw\train\IHC\03383_train_3+.png,2455954.5,2.355750322341919,1,0.25,0,0,0,0,
data\raw\train\IHC\03384_train_2+.png,100574.984375,1.0056794881820679,0,0.2,2,0,0,0,
data\raw\train\IHC\03385_train_2+.png,37401.171875,0.25772228837013245,0,0.2,2,0,0,0,
data\raw\train\IHC\03386_train_2+.png,2062372.375,1.9668315649032593,0,0.2,2,0,0,0,
data\raw\train\IHC\03387_train_3+.png,26152.125,0.024944892153143883,1,0.25,0,0,1,0,
data\raw\train\IHC\03388_train_1+.png,1695.5509033203125,0.0016170033486559987,0,0.2,2,0,1,0,
data\raw\train\IHC\03389_train_3+.png,3600.93408203125,0.006764489691704512,1,0.25,0,0,1,0,
data\raw\train\IHC\03390_train_2+.png,305378.84375,1.5331032276153564,0,0.2,2,0,0,0,
data\raw\train\IHC\03391_train_2+.png,7190.94287109375,0.15731662511825562,0,0.2,2,0,0,0,
data\raw\train\IHC\03392_train_3+.png,23108.833984375,1.286396861076355,1,0.25,0,0,0,0,
data\raw\train\IHC\03393_train_2+.png,1227847.375,1.1709665060043335,0,0.2,2,0,0,0,
data\raw\train\IHC\03394_train_2+.png,26618.484375,0.03606884554028511,0,0.2,2,0,1,0,
data\raw\train\IHC\03395_train_1+.png,18796.57421875,0.19556337594985962,0,0.2,2,0,0,0,
data\raw\train\IHC\03396_train_2+.png,138833.640625,0.9011133909225464,0,0.2,2,0,0,0,
data\raw\train\IHC\03397_train_0.png,171270.71875,0.6232694983482361,0,0.2,2,0,0,0,
data\raw\train\IHC\03398_train_2+.png,88112.9453125,0.13489924371242523,0,0.2,2,0,0,0,
data\raw\train\IHC\03399_train_0.png,1142280.0,1.2739689350128174,0,0.2,2,0,0,0,
data\raw\train\IHC\03400_train_2+.png,117217.1171875,0.9544746279716492,0,0.2,2,0,0,0,
data\raw\train\IHC\03401_train_1+.png,46958.26171875,0.7910758256912231,0,0.2,2,0,0,0,
data\raw\train\IHC\03402_train_1+.png,139.86251831054688,0.00013338329154066741,0,0.2,2,1,1,1,
data\raw\train\IHC\03403_train_2+.png,102515.8125,0.7097123265266418,0,0.2,2,0,0,0,
data\raw\train\IHC\03404_train_1+.png,15866.072265625,0.3474525213241577,0,0.2,2,0,0,0,
data\raw\train\IHC\03405_train_2+.png,432125.34375,0.41210684180259705,0,0.2,2,0,0,0,
data\raw\train\IHC\03406_train_3+.png,194042.46875,0.18510787189006805,1,0.25,0,0,0,0,
data\raw\train\IHC\03407_train_2+.png,131537.46875,0.12544390559196472,0,0.2,2,0,0,0,
data\raw\train\IHC\03408_train_1+.png,21761.546875,0.06330724060535431,0,0.2,2,0,0,0,
data\raw\train\IHC\03409_train_3+.png,10424.884765625,0.01791001856327057,1,0.25,0,0,1,0,
data\raw\train\IHC\03410_train_2+.png,21026.0703125,1.518566370010376,0,0.2,2,0,0,0,
data\raw\train\IHC\03411_train_1+.png,0.00018880674906540662,1.8006014734783804e-10,0,0.2,2,1,1,1,
data\raw\train\IHC\03412_train_3+.png,23664.591796875,0.022568916901946068,1,0.25,0,0,1,0,
data\raw\train\IHC\03413_train_2+.png,24565.501953125,0.11785010993480682,0,0.2,2,0,0,0,
data\raw\train\IHC\03414_train_2+.png,526.0948486328125,0.000501723145134747,0,0.2,2,0,1,0,
data\raw\train\IHC\03415_train_2+.png,198781.0625,0.22458751499652863,0,0.2,2,0,0,0,
data\raw\train\IHC\03416_train_3+.png,765486.125,0.7300780415534973,1,0.25,0,0,0,0,
data\raw\train\IHC\03417_train_3+.png,104370.0,0.10002357512712479,1,0.25,0,0,0,0,
data\raw\train\IHC\03418_train_3+.png,223385.890625,0.21347346901893616,1,0.25,0,0,0,0,
data\raw\train\IHC\03419_train_3+.png,564560.0625,0.5890288949012756,1,0.25,0,0,0,0,
data\raw\train\IHC\03420_train_2+.png,5902.8681640625,0.005629413761198521,0,0.2,2,0,1,0,
data\raw\train\IHC\03422_train_3+.png,3781.828369140625,0.026621907949447632,1,0.25,0,0,1,0,
data\raw\train\IHC\03424_train_2+.png,10374.515625,0.01579338312149048,0,0.2,2,0,1,0,
data\raw\train\IHC\03425_train_3+.png,416399.21875,0.4002930223941803,1,0.25,0,0,0,0,
data\raw\train\IHC\03426_train_1+.png,759064.5625,0.7239003777503967,0,0.2,2,0,0,0,
data\raw\train\IHC\03427_train_2+.png,3423.531494140625,0.0032649340573698282,0,0.2,2,0,1,0,
data\raw\train\IHC\03428_train_2+.png,139961.921875,0.4518325924873352,0,0.2,2,0,0,0,
data\raw\train\IHC\03429_train_2+.png,1668.62109375,0.0015913210809230804,0,0.2,2,0,1,0,
data\raw\train\IHC\03430_train_2+.png,507971.84375,0.7072078585624695,0,0.2,2,0,0,0,
data\raw\train\IHC\03431_train_2+.png,19706.26953125,0.11099434643983841,0,0.2,2,0,0,0,
data\raw\train\IHC\03432_train_3+.png,14318.060546875,0.07944503426551819,1,0.25,0,0,0,0,
data\raw\train\IHC\03433_train_1+.png,4.079396967426874e-05,3.890416114260553e-11,0,0.2,2,1,1,1,
data\raw\train\IHC\03434_train_2+.png,5919.47705078125,0.005645253229886293,0,0.2,2,0,1,0,
data\raw\train\IHC\03435_train_1+.png,1420786.5,1.3549675941467285,0,0.2,2,0,0,0,
data\raw\train\IHC\03436_train_3+.png,89498.5234375,0.08558383584022522,1,0.25,0,0,0,0,
data\raw\train\IHC\03437_train_1+.png,222688.59375,0.21237239241600037,0,0.2,2,0,0,0,
data\raw\train\IHC\03438_train_2+.png,36057.91796875,0.034387510269880295,0,0.2,2,0,1,0,
data\raw\train\IHC\03439_train_3+.png,0.7737756967544556,7.382538456113252e-07,1,0.25,0,1,1,1,
data\raw\train\IHC\03440_train_2+.png,248357.71875,1.4064884185791016,0,0.2,2,0,0,0,
data\raw\train\IHC\03441_train_1+.png,33239.4921875,0.03169964998960495,0,0.2,2,0,1,0,
data\raw\train\IHC\03443_train_2+.png,16468.48828125,0.5536370873451233,0,0.2,2,0,0,0,
data\raw\train\IHC\03444_train_3+.png,379512.8125,0.4195658266544342,1,0.25,0,0,0,0,
data\raw\train\IHC\03446_train_2+.png,5356.9169921875,0.005108754150569439,0,0.2,2,0,1,0,
data\raw\train\IHC\03447_train_2+.png,11800.685546875,0.01125401072204113,0,0.2,2,0,1,0,
data\raw\train\IHC\03449_train_3+.png,3597.562744140625,0.0034348799381405115,1,0.25,0,0,1,0,
data\raw\train\IHC\03450_train_2+.png,87431.625,0.6631445288658142,0,0.2,2,0,0,0,
data\raw\train\IHC\03451_train_3+.png,409426.15625,0.39070773124694824,1,0.25,0,0,0,0,
data\raw\train\IHC\03452_train_2+.png,579681.5,0.8070276379585266,0,0.2,2,0,0,0,
data\raw\train\IHC\03453_train_2+.png,3802.876220703125,0.0036267053801566362,0,0.2,2,0,1,0,
data\raw\train\IHC\03454_train_1+.png,329558.6875,1.951957106590271,0,0.2,2,0,0,0,
data\raw\train\IHC\03455_train_2+.png,85454.75,0.08149600028991699,0,0.2,2,0,0,0,
data\raw\train\IHC\03457_train_2+.png,1112785.25,1.061234712600708,0,0.2,2,0,0,0,
data\raw\train\IHC\03458_train_1+.png,307.6075744628906,0.00029335744329728186,0,0.2,2,1,1,1,
data\raw\train\IHC\03459_train_0.png,18905.634765625,0.7225543856620789,0,0.2,2,0,0,0,
data\raw\train\IHC\03460_train_1+.png,84214.171875,0.7329727411270142,0,0.2,2,0,0,0,
data\raw\train\IHC\03461_train_3+.png,3627.160400390625,0.00754661625251174,1,0.25,0,0,1,0,
data\raw\train\IHC\03462_train_3+.png,80399.640625,0.7889743447303772,1,0.25,0,0,0,0,
data\raw\train\IHC\03463_train_2+.png,104063.6015625,0.09924278408288956,0,0.2,2,0,0,0,
data\raw\train\IHC\03464_train_3+.png,6093.53564453125,0.08547891676425934,1,0.25,0,0,0,0,
data\raw\train\IHC\03465_train_3+.png,160356.390625,0.314812570810318,1,0.25,0,0,0,0,
data\raw\train\IHC\03466_train_3+.png,1172.7939453125,0.0927843302488327,1,0.25,0,0,0,0,
data\raw\train\IHC\03467_train_1+.png,152087.40625,0.14504185318946838,0,0.2,2,0,0,0,
data\raw\train\IHC\03468_train_2+.png,54.974586486816406,5.2427851187530905e-05,0,0.2,2,1,1,1,
data\raw\train\IHC\03469_train_2+.png,74887.3359375,0.10867191106081009,0,0.2,2,0,0,0,
data\raw\train\IHC\03470_train_2+.png,3534.289306640625,0.08304446190595627,0,0.2,2,0,0,0,
data\raw\train\IHC\03472_train_3+.png,179920.015625,0.17306141555309296,1,0.25,0,0,0,0,
data\raw\train\IHC\03473_train_0.png,52267.47265625,0.7696806192398071,0,0.2,2,0,0,0,
data\raw\train\IHC\03474_train_2+.png,318525.09375,0.6128806471824646,0,0.2,2,0,0,0,
data\raw\train\IHC\03475_train_3+.png,55126.26953125,1.429993987083435,1,0.25,0,0,0,0,
data\raw\train\IHC\03476_train_1+.png,424207.125,0.40455543994903564,0,0.2,2,0,0,0,
data\raw\train\IHC\03477_train_2+.png,10192.931640625,0.009720737114548683,0,0.2,2,0,1,0,
data\raw\train\IHC\03478_train_2+.png,106251.375,0.762724757194519,0,0.2,2,0,0,0,
data\raw\train\IHC\03479_train_3+.png,324040.1875,0.31453341245651245,1,0.25,0,0,0,0,
data\raw\train\IHC\03480_train_1+.png,43729.44140625,0.04170364513993263,0,0.2,2,0,1,0,
data\raw\train\IHC\03481_train_3+.png,1926.302001953125,0.008744709193706512,1,0.25,0,0,1,0,
data\raw\train\IHC\03483_train_2+.png,11851.3125,0.011302292346954346,0,0.2,2,0,1,0,
data\raw\train\IHC\03484_train_2+.png,14503.533203125,0.15256117284297943,0,0.2,2,0,0,0,
data\raw\train\IHC\03485_train_0.png,245956.40625,0.26819661259651184,0,0.2,2,0,0,0,
data\raw\train\IHC\03486_train_1+.png,7281.7353515625,0.006944403983652592,0,0.2,2,0,1,0,
data\raw\train\IHC\03487_train_3+.png,2385.243896484375,0.11647267639636993,1,0.25,0,0,0,0,
data\raw\train\IHC\03488_train_1+.png,155968.59375,0.4426562190055847,0,0.2,2,0,0,0,
data\raw\train\IHC\03489_train_2+.png,23413.744140625,0.24648381769657135,0,0.2,2,0,0,0,
data\raw\train\IHC\03490_train_3+.png,642780.125,0.6130028963088989,1,0.25,0,0,0,0,
data\raw\train\IHC\03491_train_1+.png,100796.296875,0.9653985500335693,0,0.2,2,0,0,0,
data\raw\train\IHC\03493_train_2+.png,958364.4375,0.9139675498008728,0,0.2,2,0,0,0,
data\raw\train\IHC\03494_train_2+.png,760383.1875,1.0020190477371216,0,0.2,2,0,0,0,
data\raw\train\IHC\03495_train_2+.png,91328.046875,0.648010790348053,0,0.2,2,0,0,0,
data\raw\train\IHC\03496_train_1+.png,1.9041601717617596e-07,1.8159486501329036e-13,0,0.2,2,1,1,1,
data\raw\train\IHC\03497_train_1+.png,156489.625,0.6860841512680054,0,0.2,2,0,0,0,
data\raw\train\IHC\03499_train_1+.png,96594.5625,0.8238552808761597,0,0.2,2,0,0,0,
data\raw\train\IHC\03500_train_1+.png,6694.296875,0.11144901812076569,0,0.2,2,0,0,0,
data\raw\train\IHC\03501_train_1+.png,302691.40625,0.28866901993751526,0,0.2,2,0,0,0,
data\raw\train\IHC\03502_train_2+.png,9137.6181640625,0.01770870015025139,0,0.2,2,0,1,0,
data\raw\train\IHC\03503_train_3+.png,481209.5625,0.4593118727207184,1,0.25,0,0,0,0,
data\raw\train\IHC\03504_train_3+.png,70520.109375,0.0672537311911583,1,0.25,0,0,0,0,
data\raw\train\IHC\03505_train_1+.png,730835.0,0.6969785690307617,0,0.2,2,0,0,0,
data\raw\train\IHC\03506_train_0.png,7122.77734375,0.6743776798248291,0,0.2,2,0,0,0,
data\raw\train\IHC\03507_train_2+.png,1324.254638671875,0.001262907637283206,0,0.2,2,0,1,0,
data\raw\train\IHC\03508_train_3+.png,177480.078125,0.877879798412323,1,0.25,0,0,0,0,
data\raw\train\IHC\03509_train_2+.png,9356.5009765625,0.008923054672777653,0,0.2,2,0,1,0,
data\raw\train\IHC\03511_train_3+.png,927.1785278320312,0.0008983025909401476,1,0.25,0,0,1,0,
data\raw\train\IHC\03512_train_2+.png,153749.8125,0.1466272473335266,0,0.2,2,0,0,0,
data\raw\train\IHC\03513_train_3+.png,60563.796875,0.057773951441049576,1,0.25,0,0,0,0,
data\raw\train\IHC\03514_train_2+.png,245646.46875,0.34415403008461,0,0.2,2,0,0,0,
data\raw\train\IHC\03515_train_1+.png,78460.4140625,0.7053382396697998,0,0.2,2,0,0,0,
data\raw\train\IHC\03516_train_3+.png,67070.96875,0.06452624499797821,1,0.25,0,0,0,0,
data\raw\train\IHC\03517_train_3+.png,157832.59375,0.15217825770378113,1,0.25,0,0,0,0,
data\raw\train\IHC\03518_train_3+.png,229.81617736816406,0.006377405487000942,1,0.25,0,1,1,1,
data\raw\train\IHC\03519_train_3+.png,5986.26611328125,0.018318332731723785,1,0.25,0,0,1,0,
data\raw\train\IHC\03520_train_2+.png,614192.875,0.5857399702072144,0,0.2,2,0,0,0,
data\raw\train\IHC\03521_train_2+.png,169592.84375,0.2701572775840759,0,0.2,2,0,0,0,
data\raw\train\IHC\03522_train_2+.png,118191.53125,0.7736313343048096,0,0.2,2,0,0,0,
data\raw\train\IHC\03523_train_1+.png,1164.2132568359375,0.0011102802818641067,0,0.2,2,0,1,0,
data\raw\train\IHC\03524_train_3+.png,31749.443359375,1.490934133529663,1,0.25,0,0,0,0,
data\raw\train\IHC\03525_train_3+.png,460519.375,0.6036534309387207,1,0.25,0,0,0,0,
data\raw\train\IHC\03527_train_2+.png,119440.3046875,0.11390715092420578,0,0.2,2,0,0,0,
data\raw\train\IHC\03528_train_2+.png,23450.671875,0.022364303469657898,0,0.2,2,0,1,0,
data\raw\train\IHC\03529_train_3+.png,736162.4375,0.7021234631538391,1,0.25,0,0,0,0,
data\raw\train\IHC\03530_train_3+.png,481675.40625,0.4629015028476715,1,0.25,0,0,0,0,
data\raw\train\IHC\03531_train_1+.png,614224.25,0.5857698917388916,0,0.2,2,0,0,0,
data\raw\train\IHC\03533_train_3+.png,476531.78125,0.4544561207294464,1,0.25,0,0,0,0,
data\raw\train\IHC\03535_train_2+.png,9.840824759521638e-07,9.384941825410498e-13,0,0.2,2,1,1,1,
data\raw\train\IHC\03536_train_2+.png,284745.96875,0.2715549170970917,0,0.2,2,0,0,0,
data\raw\train\IHC\03537_train_0.png,299758.0625,0.8470134735107422,0,0.2,2,0,0,0,
data\raw\train\IHC\03538_train_2+.png,65181.82421875,0.8763353824615479,0,0.2,2,0,0,0,
data\raw\train\IHC\03540_train_0.png,779941.625,1.5181522369384766,0,0.2,2,0,0,0,
data\raw\train\IHC\03541_train_3+.png,31516.0625,0.14716266095638275,1,0.25,0,0,0,0,
data\raw\train\IHC\03542_train_3+.png,445.40777587890625,0.00042705016676336527,1,0.25,0,1,1,1,
data\raw\train\IHC\03543_train_1+.png,2135580.5,2.0366482734680176,0,0.2,2,0,0,0,
data\raw\train\IHC\03544_train_3+.png,442.25543212890625,0.0004222617717459798,1,0.25,0,1,1,1,
data\raw\train\IHC\03545_train_2+.png,14279.228515625,0.5418444871902466,0,0.2,2,0,0,0,
data\raw\train\IHC\03546_train_2+.png,0.0005189343355596066,4.948943477245393e-10,0,0.2,2,1,1,1,
data\raw\train\IHC\03548_train_2+.png,118451.53125,0.21560947597026825,0,0.2,2,0,0,0,
data\raw\train\IHC\03549_train_2+.png,139846.6875,0.20855209231376648,0,0.2,2,0,0,0,
data\raw\train\IHC\03551_train_2+.png,479.1595153808594,0.0004569621232803911,0,0.2,2,1,1,1,
data\raw\train\IHC\03552_train_3+.png,7782.763671875,1.6622732877731323,1,0.25,0,0,0,0,
data\raw\train\IHC\03553_train_1+.png,4309.876953125,0.004110218957066536,0,0.2,2,0,1,0,
data\raw\train\IHC\03554_train_1+.png,395019.875,0.3767203092575073,0,0.2,2,0,0,0,
data\raw\train\IHC\03555_train_3+.png,247555.8125,0.23761609196662903,1,0.25,0,0,0,0,
data\raw\train\IHC\03556_train_1+.png,84928.9375,0.08099454641342163,0,0.2,2,0,0,0,
data\raw\train\IHC\03557_train_2+.png,62632.609375,0.2764858305454254,0,0.2,2,0,0,0,
data\raw\train\IHC\03558_train_2+.png,269410.09375,1.0790992975234985,0,0.2,2,0,0,0,
data\raw\train\IHC\03560_train_2+.png,179276.734375,0.17097161710262299,0,0.2,2,0,0,0,
data\raw\train\IHC\03561_train_2+.png,258531.65625,0.580051064491272,0,0.2,2,0,0,0,
data\raw\train\IHC\03562_train_2+.png,1687924.25,1.6097300052642822,0,0.2,2,0,0,0,
data\raw\train\IHC\03563_train_2+.png,30504.142578125,0.2084883749485016,0,0.2,2,0,0,0,
data\raw\train\IHC\03564_train_2+.png,1296.2030029296875,0.0012361555127426982,0,0.2,2,0,1,0,
data\raw\train\IHC\03565_train_2+.png,78851.9609375,0.3715156316757202,0,0.2,2,0,0,0,
data\raw\train\IHC\03566_train_3+.png,185016.25,0.17644524574279785,1,0.25,0,0,0,0,
data\raw\train\IHC\03567_train_2+.png,52293.31640625,0.04987079277634621,0,0.2,2,0,1,0,
data\raw\train\IHC\03568_train_2+.png,3675.3095703125,0.003505048342049122,0,0.2,2,0,1,0,
data\raw\train\IHC\03569_train_3+.png,92336.53125,0.1776556670665741,1,0.25,0,0,0,0,
data\raw\train\IHC\03570_train_2+.png,38799.99609375,0.0370025597512722,0,0.2,2,0,1,0,
data\raw\train\IHC\03571_train_2+.png,604088.125,0.5761033296585083,0,0.2,2,0,0,0,
data\raw\train\IHC\03572_train_2+.png,74222.75,0.843430757522583,0,0.2,2,0,0,0,
data\raw\train\IHC\03573_train_2+.png,42504.94140625,0.6761627197265625,0,0.2,2,0,0,0,
data\raw\train\IHC\03574_train_2+.png,20325.1171875,0.0850263237953186,0,0.2,2,0,0,0,
data\raw\train\IHC\03575_train_2+.png,80186.046875,0.656058132648468,0,0.2,2,0,0,0,
data\raw\train\IHC\03576_train_3+.png,86839.28125,0.16071824729442596,1,0.25,0,0,0,0,
data\raw\train\IHC\03577_train_2+.png,22318.751953125,0.2003910392522812,0,0.2,2,0,0,0,
data\raw\train\IHC\03578_train_3+.png,236232.28125,0.3763200640678406,1,0.25,0,0,0,0,
data\raw\train\IHC\03580_train_1+.png,721145.75,0.6877381801605225,0,0.2,2,0,0,0,
data\raw\train\IHC\03581_train_3+.png,1054.0758056640625,0.017530532553792,1,0.25,0,0,1,0,
data\raw\train\IHC\03582_train_1+.png,1032305.75,1.1323797702789307,0,0.2,2,0,0,0,
data\raw\train\IHC\03583_train_2+.png,243601.078125,0.2698783278465271,0,0.2,2,0,0,0,
data\raw\train\IHC\03584_train_1+.png,79394.625,0.07571661472320557,0,0.2,2,0,0,0,
data\raw\train\IHC\03585_train_2+.png,555918.125,1.2860853672027588,0,0.2,2,0,0,0,
data\raw\train\IHC\03586_train_3+.png,465602.65625,0.5918539762496948,1,0.25,0,0,0,0,
data\raw\train\IHC\03587_train_2+.png,1071509.125,1.021870732307434,0,0.2,2,0,0,0,
data\raw\train\IHC\03588_train_1+.png,35765.55859375,0.6728793978691101,0,0.2,2,0,0,0,
data\raw\train\IHC\03589_train_2+.png,0.0089985691010952,8.581704236121368e-09,0,0.2,2,1,1,1,
data\raw\train\IHC\03590_train_2+.png,1547.2745361328125,0.0014755959855392575,0,0.2,2,0,1,0,
data\raw\train\IHC\03591_train_0.png,1738.24951171875,0.10034344345331192,0,0.2,2,0,0,0,
data\raw\train\IHC\03592_train_0.png,793.9024658203125,0.22294369339942932,0,0.2,2,0,0,0,
data\raw\train\IHC\03593_train_2+.png,149303.875,0.6454039216041565,0,0.2,2,0,0,0,
data\raw\train\IHC\03594_train_1+.png,1870.6654052734375,0.0017840055515989661,0,0.2,2,0,1,0,
data\raw\train\IHC\03595_train_2+.png,25753.767578125,0.024560706689953804,0,0.2,2,0,1,0,
data\raw\train\IHC\03596_train_1+.png,184496.484375,0.8653478026390076,0,0.2,2,0,0,0,
data\raw\train\IHC\03597_train_2+.png,3580.4619140625,0.003414594568312168,0,0.2,2,0,1,0,
data\raw\train\IHC\03598_train_3+.png,461737.9375,0.44480982422828674,1,0.25,0,0,0,0,
data\raw\train\IHC\03599_train_2+.png,69872.4296875,0.17702803015708923,0,0.2,2,0,0,0,
data\raw\train\IHC\03600_train_2+.png,12945.87890625,0.01234615221619606,0,0.2,2,0,1,0,
data\raw\train\IHC\03602_train_3+.png,324751.71875,1.4014047384262085,1,0.25,0,0,0,0,
data\raw\train\IHC\03603_train_3+.png,321294.9375,0.3065156638622284,1,0.25,0,0,0,0,
data\raw\train\IHC\03604_train_3+.png,48096.76953125,0.32012438774108887,1,0.25,0,0,0,0,
data\raw\train\IHC\03605_train_2+.png,398280.21875,0.37982961535453796,0,0.2,2,0,0,0,
data\raw\train\IHC\03606_train_1+.png,19203.396484375,1.0571064949035645,0,0.2,2,0,0,0,
data\raw\train\IHC\03607_train_3+.png,204072.484375,0.19461868703365326,1,0.25,0,0,0,0,
data\raw\train\IHC\03608_train_3+.png,1041835.125,0.9958392977714539,1,0.25,0,0,0,0,
data\raw\train\IHC\03609_train_2+.png,443188.75,0.8772401809692383,0,0.2,2,0,0,0,
data\raw\train\IHC\03611_train_2+.png,3.068920850753784,2.9267509944475023e-06,0,0.2,2,1,1,1,
data\raw\train\IHC\03612_train_2+.png,20998.28125,0.5465455651283264,0,0.2,2,0,0,0,
data\raw\train\IHC\03615_train_1+.png,939408.25,0.8958895206451416,0,0.2,2,0,0,0,
data\raw\train\IHC\03616_train_1+.png,248278.765625,0.2599007487297058,0,0.2,2,0,0,0,
data\raw\train\IHC\03617_train_1+.png,1896.7852783203125,0.0018089154036715627,0,0.2,2,0,1,0,
data\raw\train\IHC\03618_train_1+.png,17942.697265625,0.04718198999762535,0,0.2,2,0,1,0,
data\raw\train\IHC\03619_train_2+.png,215828.9375,0.2515474259853363,0,0.2,2,0,0,0,
data\raw\train\IHC\03620_train_3+.png,37348.640625,0.16249066591262817,1,0.25,0,0,0,0,
data\raw\train\IHC\03621_train_2+.png,343871.21875,0.5772915482521057,0,0.2,2,0,0,0,
data\raw\train\IHC\03622_train_2+.png,192059.3125,0.18316203355789185,0,0.2,2,0,0,0,
data\raw\train\IHC\03624_train_2+.png,27317.390625,1.2059060335159302,0,0.2,2,0,0,0,
data\raw\train\IHC\03625_train_3+.png,178421.84375,0.8250530362129211,1,0.25,0,0,0,0,
data\raw\train\IHC\03626_train_1+.png,60284.05078125,0.057491350919008255,0,0.2,2,0,0,0,
data\raw\train\IHC\03627_train_1+.png,5243.7373046875,0.1236497163772583,0,0.2,2,0,0,0,
data\raw\train\IHC\03628_train_0.png,1060729.25,1.440374493598938,0,0.2,2,0,0,0,
data\raw\train\IHC\03629_train_0.png,20981.1875,0.5169053077697754,0,0.2,2,0,0,0,
data\raw\train\IHC\03630_train_0.png,93523.5859375,0.997329592704773,0,0.2,2,0,0,0,
data\raw\train\IHC\03631_train_3+.png,1492.691162109375,0.001423698733560741,1,0.25,0,0,1,0,
data\raw\train\IHC\03632_train_1+.png,363173.375,0.3463491201400757,0,0.2,2,0,0,0,
data\raw\train\IHC\03633_train_2+.png,16795.01953125,0.01601697877049446,0,0.2,2,0,1,0,
data\raw\train\IHC\03634_train_2+.png,91741.796875,0.6154937148094177,0,0.2,2,0,0,0,
data\raw\train\IHC\03635_train_3+.png,353594.71875,0.39967527985572815,1,0.25,0,0,0,0,
data\raw\train\IHC\03636_train_2+.png,31983.0234375,0.030501388013362885,0,0.2,2,0,1,0,
data\raw\train\IHC\03637_train_1+.png,84114.7421875,0.7669524550437927,0,0.2,2,0,0,0,
data\raw\train\IHC\03638_train_2+.png,1767690.625,1.6858011484146118,0,0.2,2,0,0,0,
data\raw\train\IHC\03639_train_3+.png,174083.21875,0.1666770875453949,1,0.25,0,0,0,0,
data\raw\train\IHC\03640_train_2+.png,127323.8125,0.7090325355529785,0,0.2,2,0,0,0,
data\raw\train\IHC\03641_train_1+.png,10.336398124694824,9.857557415671181e-06,0,0.2,2,1,1,1,
data\raw\train\IHC\03643_train_1+.png,296658.65625,1.0642043352127075,0,0.2,2,0,0,0,
data\raw\train\IHC\03644_train_1+.png,664897.6875,0.7227643728256226,0,0.2,2,0,0,0,
data\raw\train\IHC\03645_train_3+.png,117605.8828125,0.38244321942329407,1,0.25,0,0,0,0,
data\raw\train\IHC\03646_train_2+.png,952.4878540039062,0.0009083632030524313,0,0.2,2,0,1,0,
data\raw\train\IHC\03647_train_2+.png,59308.390625,0.05656088888645172,0,0.2,2,0,0,0,
data\raw\train\IHC\03648_train_1+.png,102188.6015625,0.8101975917816162,0,0.2,2,0,0,0,
data\raw\train\IHC\03649_train_2+.png,549531.875,0.5240744352340698,0,0.2,2,0,0,0,
data\raw\train\IHC\03650_train_3+.png,211799.578125,0.7110780477523804,1,0.25,0,0,0,0,
data\raw\train\IHC\03651_train_2+.png,22510.615234375,0.021467795595526695,0,0.2,2,0,1,0,
data\raw\train\IHC\03653_train_3+.png,531855.8125,0.5073391795158386,1,0.25,0,0,0,0,
data\raw\train\IHC\03654_train_2+.png,284988.5,1.1096041202545166,0,0.2,2,0,0,0,
data\raw\train\IHC\03656_train_1+.png,338706.03125,1.0813885927200317,0,0.2,2,0,0,0,
data\raw\train\IHC\03657_train_2+.png,570645.0625,0.5442095398902893,0,0.2,2,0,0,0,
data\raw\train\IHC\03658_train_3+.png,619026.25,1.09861421585083,1,0.25,0,0,0,0,
data\raw\train\IHC\03659_train_3+.png,112943.5546875,0.10774661600589752,1,0.25,0,0,0,0,
data\raw\train\IHC\03660_train_3+.png,3201.856201171875,0.003057213267311454,1,0.25,0,0,1,0,
data\raw\train\IHC\03661_train_2+.png,162379.671875,1.1890981197357178,0,0.2,2,0,0,0,
data\raw\train\IHC\03662_train_3+.png,530948.375,0.5091511011123657,1,0.25,0,0,0,0,
data\raw\train\IHC\03663_train_2+.png,213501.875,0.20361125469207764,0,0.2,2,0,0,0,
data\raw\train\IHC\03664_train_3+.png,968535.4375,0.9246364831924438,1,0.25,0,0,0,0,
data\raw\train\IHC\03665_train_2+.png,132131.890625,0.1957152783870697,0,0.2,2,0,0,0,
data\raw\train\IHC\03666_train_2+.png,20624.142578125,0.3289179503917694,0,0.2,2,0,0,0,
data\raw\train\IHC\03667_train_0.png,4162.69921875,0.1366252899169922,0,0.2,2,0,0,0,
data\raw\train\IHC\03668_train_1+.png,897615.0,0.9418627619743347,0,0.2,2,0,0,0,
data\raw\train\IHC\03669_train_1+.png,6552.7236328125,0.05818437039852142,0,0.2,2,0,0,0,
data\raw\train\IHC\03670_train_2+.png,34737.453125,0.17752355337142944,0,0.2,2,0,0,0,
data\raw\train\IHC\03671_train_2+.png,589821.8125,1.1842931509017944,0,0.2,2,0,0,0,
data\raw\train\IHC\03672_train_0.png,1004620.1875,1.0692510604858398,0,0.2,2,0,0,0,
data\raw\train\IHC\03674_train_2+.png,3.031516593310357e-09,2.8910795147994587e-15,0,0.2,2,1,1,1,
data\raw\train\IHC\03675_train_2+.png,156079.34375,0.14884886145591736,0,0.2,2,0,0,0,
data\raw\train\IHC\03676_train_0.png,76478.59375,0.08828799426555634,0,0.2,2,0,0,0,
data\raw\train\IHC\03677_train_0.png,53551.5390625,0.054606035351753235,0,0.2,2,0,0,0,
data\raw\train\IHC\03678_train_3+.png,1433.12158203125,0.0013668576721102,1,0.25,0,0,1,0,
data\raw\train\IHC\03680_train_2+.png,121070.7734375,0.47921302914619446,0,0.2,2,0,0,0,
data\raw\train\IHC\03681_train_3+.png,19.470718383789062,0.001008950057439506,1,0.25,0,1,1,1,
data\raw\train\IHC\03682_train_2+.png,214802.625,1.141996145248413,0,0.2,2,0,0,0,
data\raw\train\IHC\03683_train_0.png,94650.75,0.7788069844245911,0,0.2,2,0,0,0,
data\raw\train\IHC\03684_train_1+.png,68465.0234375,0.6604385375976562,0,0.2,2,0,0,0,
data\raw\train\IHC\03685_train_3+.png,1797.92919921875,0.00353788654319942,1,0.25,0,0,1,0,
data\raw\train\IHC\03686_train_2+.png,276311.9375,0.263511598110199,0,0.2,2,0,0,0,
data\raw\train\IHC\03687_train_2+.png,19824.275390625,0.337044358253479,0,0.2,2,0,0,0,
data\raw\train\IHC\03688_train_2+.png,0.9433662295341492,8.996641440717212e-07,0,0.2,2,1,1,1,
data\raw\train\IHC\03689_train_2+.png,5243.3837890625,0.005000480450689793,0,0.2,2,0,1,0,
data\raw\train\IHC\03690_train_2+.png,171316.78125,0.16338041424751282,0,0.2,2,0,0,0,
data\raw\train\IHC\03691_train_0.png,44963.0703125,0.31825727224349976,0,0.2,2,0,0,0,
data\raw\train\IHC\03692_train_2+.png,102795.0234375,0.30897489190101624,0,0.2,2,0,0,0,
data\raw\train\IHC\03693_train_2+.png,1.5256614685058594,1.454984158044681e-06,0,0.2,2,1,1,1,
data\raw\train\IHC\03694_train_0.png,25937.91015625,0.8796089887619019,0,0.2,2,0,0,0,
data\raw\train\IHC\03696_train_3+.png,407.76702880859375,0.00038888733251951635,1,0.25,0,1,1,1,
data\raw\train\IHC\03697_train_0.png,58546.9453125,0.310396283864975,0,0.2,2,0,0,0,
data\raw\train\IHC\03698_train_1+.png,192800.6875,0.7447435259819031,0,0.2,2,0,0,0,
data\raw\train\IHC\03699_train_1+.png,1215.5538330078125,0.0901946872472763,0,0.2,2,0,0,0,
data\raw\train\IHC\03701_train_3+.png,185.08206176757812,0.0001765152410371229,1,0.25,0,1,1,1,
data\raw\train\IHC\03702_train_3+.png,2128840.5,2.0400514602661133,1,0.25,0,0,0,0,
data\raw\train\IHC\03703_train_3+.png,252999.171875,0.24134325981140137,1,0.25,0,0,0,0,
data\raw\train\IHC\03704_train_0.png,65286.5078125,0.9146202206611633,0,0.2,2,0,0,0,
data\raw\train\IHC\03707_train_1+.png,301568.6875,0.28759831190109253,0,0.2,2,0,0,0,
data\raw\train\IHC\03708_train_3+.png,5324.10546875,0.00930107943713665,1,0.25,0,0,1,0,
data\raw\train\IHC\03709_train_2+.png,8964.87109375,0.11737043410539627,0,0.2,2,0,0,0,
data\raw\train\IHC\03711_train_2+.png,19000.482421875,0.5289666652679443,0,0.2,2,0,0,0,
data\raw\train\IHC\03712_train_3+.png,376218.6875,0.562321126461029,1,0.25,0,0,0,0,
data\raw\train\IHC\03713_train_3+.png,13000.005859375,0.892857551574707,1,0.25,0,0,0,0,
data\raw\train\IHC\03714_train_2+.png,1586.7496337890625,0.0015132423723116517,0,0.2,2,0,1,0,
data\raw\train\IHC\03715_train_2+.png,822.1431884765625,0.0007840568432584405,0,0.2,2,0,1,0,
data\raw\train\IHC\03716_train_2+.png,197241.546875,0.5389702320098877,0,0.2,2,0,0,0,
data\raw\train\IHC\03717_train_2+.png,29140.005859375,0.027790075168013573,0,0.2,2,0,1,0,
data\raw\train\IHC\03718_train_1+.png,98029.796875,0.4276873767375946,0,0.2,2,0,0,0,
data\raw\train\IHC\03719_train_3+.png,357230.875,0.34071701765060425,1,0.25,0,0,0,0,
data\raw\train\IHC\03722_train_3+.png,110200.9296875,0.1059911698102951,1,0.25,0,0,0,0,
data\raw\train\IHC\03723_train_3+.png,975374.1875,0.9415799379348755,1,0.25,0,0,0,0,
data\raw\train\IHC\03724_train_0.png,1067868.125,1.1428102254867554,0,0.2,2,0,0,0,
data\raw\train\IHC\03725_train_3+.png,3127.89892578125,0.4619552493095398,1,0.25,0,0,0,0,
data\raw\train\IHC\03726_train_2+.png,175763.03125,0.6679043173789978,0,0.2,2,0,0,0,
data\raw\train\IHC\03727_train_2+.png,31303.873046875,0.7121800184249878,0,0.2,2,0,0,0,
data\raw\train\IHC\03728_train_1+.png,148166.28125,0.6630491018295288,0,0.2,2,0,0,0,
data\raw\train\IHC\03729_train_3+.png,8848.7177734375,0.04046164080500603,1,0.25,0,0,1,0,
data\raw\train\IHC\03730_train_2+.png,1274779.75,1.2157247066497803,0,0.2,2,0,0,0,
data\raw\train\IHC\03731_train_3+.png,7920.2001953125,0.374265193939209,1,0.25,0,0,0,0,
data\raw\train\IHC\03732_train_2+.png,875.1397705078125,0.0008345983223989606,0,0.2,2,0,1,0,
data\raw\train\IHC\03734_train_2+.png,123244.359375,0.5676350593566895,0,0.2,2,0,0,0,
data\raw\train\IHC\03735_train_2+.png,35777.23046875,0.17849792540073395,0,0.2,2,0,0,0,
data\raw\train\IHC\03737_train_2+.png,20972.888671875,0.04002062603831291,0,0.2,2,0,1,0,
data\raw\train\IHC\03738_train_3+.png,12767.16015625,1.514491081237793,1,0.25,0,0,0,0,
data\raw\train\IHC\03739_train_2+.png,1512881.375,1.4427961111068726,0,0.2,2,0,0,0,
data\raw\train\IHC\03740_train_1+.png,525847.625,0.5014873743057251,0,0.2,2,0,0,0,
data\raw\train\IHC\03741_train_1+.png,407178.125,0.3883153200149536,0,0.2,2,0,0,0,
data\raw\train\IHC\03742_train_0.png,4162.3564453125,0.13286802172660828,0,0.2,2,0,0,0,
data\raw\train\IHC\03743_train_2+.png,67214.375,0.06410062313079834,0,0.2,2,0,0,0,
data\raw\train\IHC\03745_train_2+.png,54806.23046875,0.8350152969360352,0,0.2,2,0,0,0,
data\raw\train\IHC\03746_train_1+.png,1268.744384765625,0.0015966801438480616,0,0.2,2,0,1,0,
data\raw\train\IHC\03747_train_1+.png,48623.08984375,0.6624670028686523,0,0.2,2,0,0,0,
data\raw\train\IHC\03748_train_2+.png,2012.703857421875,0.001919463975355029,0,0.2,2,0,1,0,
data\raw\train\IHC\03749_train_1+.png,546665.6875,0.5213410258293152,0,0.2,2,0,0,0,
data\raw\train\IHC\03750_train_2+.png,8441.1962890625,0.008050152100622654,0,0.2,2,0,1,0,
data\raw\train\IHC\03751_train_2+.png,31436.3046875,0.029979996383190155,0,0.2,2,0,1,0,
data\raw\train\IHC\03752_train_1+.png,153.79144287109375,0.00014666694914922118,0,0.2,2,1,1,1,
data\raw\train\IHC\03753_train_1+.png,139029.59375,0.42050793766975403,0,0.2,2,0,0,0,
data\raw\train\IHC\03756_train_3+.png,44.592533111572266,0.0002116961986757815,1,0.25,0,1,1,1,
data\raw\train\IHC\03757_train_0.png,211387.1875,0.42778199911117554,0,0.2,2,0,0,0,
data\raw\train\IHC\03758_train_1+.png,487737.0,0.46514225006103516,0,0.2,2,0,0,0,
data\raw\train\IHC\03760_train_2+.png,199293.4375,0.5401403903961182,0,0.2,2,0,0,0,
data\raw\train\IHC\03761_train_2+.png,9035.134765625,0.008616575971245766,0,0.2,2,0,1,0,
data\raw\train\IHC\03762_train_3+.png,16047.33984375,0.015645135194063187,1,0.25,0,0,1,0,
data\raw\train\IHC\03763_train_2+.png,105435.5625,0.10055118799209595,0,0.2,2,0,0,0,
data\raw\train\IHC\03764_train_2+.png,931.1449584960938,0.0008880090317688882,0,0.2,2,0,1,0,
data\raw\train\IHC\03765_train_3+.png,4389.76220703125,0.026559066027402878,1,0.25,0,0,1,0,
data\raw\train\IHC\03767_train_2+.png,45922.1796875,0.14118172228336334,0,0.2,2,0,0,0,
data\raw\train\IHC\03768_train_3+.png,6791.53271484375,0.03230786323547363,1,0.25,0,0,1,0,
data\raw\train\IHC\03769_train_2+.png,58587.87890625,0.28746744990348816,0,0.2,2,0,0,0,
data\raw\train\IHC\03770_train_2+.png,113043.2890625,0.7116175293922424,0,0.2,2,0,0,0,
data\raw\train\IHC\03771_train_1+.png,1411.4610595703125,0.001346074161119759,0,0.2,2,0,1,0,
data\raw\train\IHC\03773_train_3+.png,677552.75,0.6467209458351135,1,0.25,0,0,0,0,
data\raw\train\IHC\03774_train_0.png,711.0301513671875,0.5643096566200256,0,0.2,2,0,0,0,
data\raw\train\IHC\03775_train_2+.png,43244.91796875,0.6564693450927734,0,0.2,2,0,0,0,
data\raw\train\IHC\03778_train_3+.png,8338.111328125,0.007952244952321053,1,0.25,0,0,1,0,
data\raw\train\IHC\03779_train_1+.png,124082.4375,0.23248645663261414,0,0.2,2,0,0,0,
data\raw\train\IHC\03780_train_3+.png,3225.6884765625,0.00660806754603982,1,0.25,0,0,1,0,
data\raw\train\IHC\03781_train_3+.png,14599.001953125,0.051009610295295715,1,0.25,0,0,0,0,
data\raw\train\IHC\03783_train_1+.png,53360.96875,0.05088898539543152,0,0.2,2,0,0,0,
data\raw\train\IHC\03784_train_2+.png,103762.703125,0.6614566445350647,0,0.2,2,0,0,0,
data\raw\train\IHC\03785_train_2+.png,14077.5078125,0.0280092004686594,0,0.2,2,0,1,0,
data\raw\train\IHC\03786_train_2+.png,403429.28125,0.3847401440143585,0,0.2,2,0,0,0,
data\raw\train\IHC\03787_train_2+.png,634053.5,0.6046805381774902,0,0.2,2,0,0,0,
data\raw\train\IHC\03788_train_2+.png,71991.8671875,0.5047172904014587,0,0.2,2,0,0,0,
data\raw\train\IHC\03789_train_2+.png,65565.6640625,0.06252828985452652,0,0.2,2,0,0,0,
data\raw\train\IHC\03790_train_3+.png,3327.81591796875,0.003179823746904731,1,0.25,0,0,1,0,
data\raw\train\IHC\03791_train_2+.png,210.73519897460938,0.00020097274682484567,0,0.2,2,1,1,1,
data\raw\train\IHC\03792_train_3+.png,9203.828125,0.4129684567451477,1,0.25,0,0,0,0,
data\raw\train\IHC\03793_train_2+.png,64280.0078125,0.9526774883270264,0,0.2,2,0,0,0,
data\raw\train\IHC\03795_train_2+.png,125303.921875,0.5830529928207397,0,0.2,2,0,0,0,
data\raw\train\IHC\03796_train_2+.png,234051.5,0.22320890426635742,0,0.2,2,0,0,0,
data\raw\train\IHC\03797_train_2+.png,529.4046020507812,0.0005048795719631016,0,0.2,2,0,1,0,
data\raw\train\IHC\03798_train_3+.png,4636.5830078125,0.9710121750831604,1,0.25,0,0,0,0,
data\raw\train\IHC\03799_train_2+.png,390223.28125,0.3721459209918976,0,0.2,2,0,0,0,
data\raw\train\IHC\03800_train_2+.png,164803.59375,0.7652469873428345,0,0.2,2,0,0,0,
data\raw\train\IHC\03801_train_1+.png,409741.0,0.3907594680786133,0,0.2,2,0,0,0,
data\raw\train\IHC\03802_train_2+.png,139875.28125,0.7774736285209656,0,0.2,2,0,0,0,
data\raw\train\IHC\03805_train_3+.png,12430.779296875,1.2196604013442993,1,0.25,0,0,0,0,
data\raw\train\IHC\03806_train_3+.png,14735.3271484375,0.014085236936807632,1,0.25,0,0,1,0,
data\raw\train\IHC\03807_train_2+.png,948.010986328125,0.0009040937293320894,0,0.2,2,0,1,0,
data\raw\train\IHC\03809_train_3+.png,360410.5,0.34371423721313477,1,0.25,0,0,0,0,
data\raw\train\IHC\03811_train_2+.png,324045.0625,0.30903345346450806,0,0.2,2,0,0,0,
data\raw\train\IHC\03812_train_2+.png,91609.890625,0.8208109736442566,0,0.2,2,0,0,0,
data\raw\train\IHC\03813_train_2+.png,107831.828125,0.8925071954727173,0,0.2,2,0,0,0,
data\raw\train\IHC\03814_train_3+.png,829383.25,0.7948418259620667,1,0.25,0,0,0,0,
data\raw\train\IHC\03815_train_2+.png,76469.8203125,0.07292730361223221,0,0.2,2,0,0,0,
data\raw\train\IHC\03816_train_1+.png,24060.04296875,0.16391350328922272,0,0.2,2,0,0,0,
data\raw\train\IHC\03817_train_2+.png,4811.228515625,0.07668884843587875,0,0.2,2,0,0,0,
data\raw\train\IHC\03818_train_2+.png,78498.3125,0.6295679807662964,0,0.2,2,0,0,0,
data\raw\train\IHC\03819_train_2+.png,311664.1875,0.7379845976829529,0,0.2,2,0,0,0,
data\raw\train\IHC\03822_train_3+.png,479108.59375,0.45692357420921326,1,0.25,0,0,0,0,
data\raw\train\IHC\03823_train_1+.png,183980.8125,0.7143970131874084,0,0.2,2,0,0,0,
data\raw\train\IHC\03824_train_2+.png,95756.703125,0.6117583513259888,0,0.2,2,0,0,0,
data\raw\train\IHC\03825_train_2+.png,5.797516910988065e-10,5.528942976940217e-16,0,0.2,2,1,1,1,
data\raw\train\IHC\03827_train_3+.png,361080.8125,0.3452642560005188,1,0.25,0,0,0,0,
data\raw\train\IHC\03830_train_1+.png,204383.6875,0.6866785287857056,0,0.2,2,0,0,0,
data\raw\train\IHC\03833_train_2+.png,63111.7734375,0.16446278989315033,0,0.2,2,0,0,0,
data\raw\train\IHC\03834_train_2+.png,86379.703125,0.14165158569812775,0,0.2,2,0,0,0,
data\raw\train\IHC\03835_train_3+.png,1536494.875,1.4654121398925781,1,0.25,0,0,0,0,
data\raw\train\IHC\03836_train_1+.png,258567.5625,0.6392607688903809,0,0.2,2,0,0,0,
data\raw\train\IHC\03837_train_3+.png,517588.0625,0.9253913760185242,1,0.25,0,0,0,0,
data\raw\train\IHC\03838_train_2+.png,15279.0283203125,0.052424002438783646,0,0.2,2,0,0,0,
data\raw\train\IHC\03839_train_2+.png,107583.625,0.10259974002838135,0,0.2,2,0,0,0,
data\raw\train\IHC\03840_train_2+.png,184976.53125,1.0645886659622192,0,0.2,2,0,0,0,
data\raw\train\IHC\03841_train_2+.png,981.5055541992188,0.0009360366384498775,0,0.2,2,0,1,0,
data\raw\train\IHC\03842_train_2+.png,3659.30517578125,0.003489785362035036,0,0.2,2,0,1,0,
data\raw\train\IHC\03843_train_3+.png,0.1158493161201477,1.104839952859038e-07,1,0.25,0,1,1,1,
data\raw\train\IHC\03844_train_2+.png,68170.953125,0.06501288712024689,0,0.2,2,0,0,0,
data\raw\train\IHC\03845_train_3+.png,521535.75,0.4974316954612732,1,0.25,0,0,0,0,
data\raw\train\IHC\03847_train_0.png,151740.546875,0.47046226263046265,0,0.2,2,0,0,0,
data\raw\train\IHC\03849_train_0.png,14094.6787109375,0.14138507843017578,0,0.2,2,0,0,0,
data\raw\train\IHC\03850_train_2+.png,363708.46875,0.3468594253063202,0,0.2,2,0,0,0,
data\raw\train\IHC\03851_train_2+.png,107211.9921875,0.10224532335996628,0,0.2,2,0,0,0,
data\raw\train\IHC\03852_train_3+.png,510990.46875,0.4873184859752655,1,0.25,0,0,0,0,
data\raw\train\IHC\03853_train_2+.png,267.44061279296875,0.00025505124358460307,0,0.2,2,1,1,1,
data\raw\train\IHC\03854_train_1+.png,1.129353388584775e-09,1.0770353208396674e-15,0,0.2,2,1,1,1,
data\raw\train\IHC\03857_train_3+.png,133110.828125,0.1269443780183792,1,0.25,0,0,0,0,
data\raw\train\IHC\03858_train_3+.png,128434.484375,0.12248466908931732,1,0.25,0,0,0,0,
data\raw\train\IHC\03859_train_2+.png,28703.990234375,0.3978321850299835,0,0.2,2,0,0,0,
data\raw\train\IHC\03860_train_3+.png,551863.875,0.59132981300354,1,0.25,0,0,0,0,
data\raw\train\IHC\03861_train_2+.png,791.2915649414062,0.0007546344422735274,0,0.2,2,0,1,0,
data\raw\train\IHC\03862_train_1+.png,54004.1953125,0.9062779545783997,0,0.2,2,0,0,0,
data\raw\train\IHC\03863_train_3+.png,16600.796875,0.01586587354540825,1,0.25,0,0,1,0,
data\raw\train\IHC\03865_train_2+.png,529549.5,0.8597001433372498,0,0.2,2,0,0,0,
data\raw\train\IHC\03866_train_3+.png,220458.171875,0.21484889090061188,1,0.25,0,0,0,0,
data\raw\train\IHC\03867_train_3+.png,379363.75,0.36179324984550476,1,0.25,0,0,0,0,
data\raw\train\IHC\03869_train_2+.png,6692.0732421875,0.006382058374583721,0,0.2,2,0,1,0,
data\raw\train\IHC\03870_train_2+.png,2776.7255859375,0.0026480918750166893,0,0.2,2,0,1,0,
data\raw\train\IHC\03871_train_3+.png,30016.7734375,0.029106806963682175,1,0.25,0,0,1,0,
data\raw\train\IHC\03872_train_2+.png,186097.125,0.779177188873291,0,0.2,2,0,0,0,
data\raw\train\IHC\03874_train_2+.png,93376.125,0.417612761259079,0,0.2,2,0,0,0,
data\raw\train\IHC\03875_train_3+.png,12296.6826171875,0.03068585880100727,1,0.25,0,0,1,0,
data\raw\train\IHC\03876_train_3+.png,90883.34375,0.6839556694030762,1,0.25,0,0,0,0,
data\raw\train\IHC\03878_train_3+.png,27.744279861450195,2.646253960847389e-05,1,0.25,0,1,1,1,
data\raw\train\IHC\03879_train_2+.png,449407.59375,0.42858847975730896,0,0.2,2,0,0,0,
data\raw\train\IHC\03880_train_1+.png,65925.0859375,0.8822950720787048,0,0.2,2,0,0,0,
data\raw\train\IHC\03883_train_3+.png,39915.3359375,0.3164367973804474,1,0.25,0,0,0,0,
data\raw\train\IHC\03884_train_1+.png,279709.53125,0.8947126269340515,0,0.2,2,0,0,0,
data\raw\train\IHC\03885_train_1+.png,198045.1875,0.533677875995636,0,0.2,2,0,0,0,
data\raw\train\IHC\03886_train_1+.png,66462.890625,0.5797631740570068,0,0.2,2,0,0,0,
data\raw\train\IHC\03887_train_2+.png,540144.5625,0.5151219964027405,0,0.2,2,0,0,0,
data\raw\train\IHC\03888_train_2+.png,13070.4296875,0.15471625328063965,0,0.2,2,0,0,0,
data\raw\train\IHC\03890_train_1+.png,1208437.0,1.1524553298950195,0,0.2,2,0,0,0,
data\raw\train\IHC\03891_train_2+.png,1830696.0,1.7458877563476562,0,0.2,2,0,0,0,
data\raw\train\IHC\03892_train_2+.png,9212.8837890625,0.008786090649664402,0,0.2,2,0,1,0,
data\raw\train\IHC\03893_train_3+.png,78.62032318115234,7.573431503260508e-05,1,0.25,0,1,1,1,
data\raw\train\IHC\03894_train_2+.png,80407.6328125,0.7360842227935791,0,0.2,2,0,0,0,
data\raw\train\IHC\03895_train_3+.png,713.5252075195312,0.0006806472083553672,1,0.25,0,0,1,0,
data\raw\train\IHC\03896_train_2+.png,26496.833984375,0.09975353628396988,0,0.2,2,0,0,0,
data\raw\train\IHC\03897_train_1+.png,225534.171875,0.22871467471122742,0,0.2,2,0,0,0,
data\raw\train\IHC\03898_train_2+.png,740026.25,0.7057440280914307,0,0.2,2,0,0,0,
data\raw\train\IHC\03899_train_1+.png,509252.59375,0.485661119222641,0,0.2,2,0,0,0,
data\raw\train\IHC\03901_train_0.png,786544.0625,1.5702929496765137,0,0.2,2,0,0,0,
data\raw\train\IHC\03902_train_0.png,240820.609375,0.2564319372177124,0,0.2,2,0,0,0,
data\raw\train\IHC\03904_train_3+.png,289131.5625,0.27574917674064636,1,0.25,0,0,0,0,
data\raw\train\IHC\03905_train_3+.png,307410.5,0.2981904447078705,1,0.25,0,0,0,0,
data\raw\train\IHC\03906_train_1+.png,1059.393798828125,0.007722091861069202,0,0.2,2,0,1,0,
data\raw\train\IHC\03907_train_2+.png,1154.261962890625,0.001100789988413453,0,0.2,2,0,1,0,
data\raw\train\IHC\03908_train_2+.png,29.465221405029297,2.810022488120012e-05,0,0.2,2,1,1,1,
data\raw\train\IHC\03911_train_1+.png,206925.90625,1.3782289028167725,0,0.2,2,0,0,0,
data\raw\train\IHC\03912_train_2+.png,151611.65625,0.6970586776733398,0,0.2,2,0,0,0,
data\raw\train\IHC\03913_train_2+.png,14965.462890625,0.1490287035703659,0,0.2,2,0,0,0,
data\raw\train\IHC\03914_train_3+.png,356012.9375,0.34288060665130615,1,0.25,0,0,0,0,
data\raw\train\IHC\03915_train_0.png,8281.3515625,0.19086292386054993,0,0.2,2,0,0,0,
data\raw\train\IHC\03916_train_3+.png,38402.32421875,0.9199703931808472,1,0.25,0,0,0,0,
data\raw\train\IHC\03917_train_3+.png,4852.7666015625,0.019490353763103485,1,0.25,0,0,1,0,
data\raw\train\IHC\03921_train_1+.png,1112568.0,1.0610275268554688,0,0.2,2,0,0,0,
data\raw\train\IHC\03922_train_3+.png,101981.265625,0.5972303748130798,1,0.25,0,0,0,0,
data\raw\train\IHC\03924_train_3+.png,18422.884765625,0.0788559764623642,1,0.25,0,0,0,0,
data\raw\train\IHC\03925_train_1+.png,2.936212548891524e-23,2.800190495387577e-29,0,0.2,2,1,1,1,
data\raw\train\IHC\03927_train_3+.png,15093.9228515625,1.2915139198303223,1,0.25,0,0,0,0,
data\raw\train\IHC\03928_train_3+.png,289138.03125,0.27574509382247925,1,0.25,0,0,0,0,
data\raw\train\IHC\03929_train_1+.png,174.4150848388672,0.00016633518680464476,0,0.2,2,1,1,1,
data\raw\train\IHC\03930_train_3+.png,90581.90625,0.0875062346458435,1,0.25,0,0,0,0,
data\raw\train\IHC\03931_train_1+.png,515787.1875,1.4150773286819458,0,0.2,2,0,0,0,
data\raw\train\IHC\03932_train_3+.png,274947.25,0.40489688515663147,1,0.25,0,0,0,0,
data\raw\train\IHC\03933_train_1+.png,883732.625,0.8427931070327759,0,0.2,2,0,0,0,
data\raw\train\IHC\03934_train_2+.png,365500.28125,1.2442731857299805,0,0.2,2,0,0,0,
data\raw\train\IHC\03936_train_2+.png,4734.5439453125,0.8080805540084839,0,0.2,2,0,0,0,
data\raw\train\IHC\03938_train_0.png,47329.4765625,0.050829000771045685,0,0.2,2,0,0,0,
data\raw\train\IHC\03939_train_2+.png,213.4368133544922,0.0002035492070717737,0,0.2,2,1,1,1,
data\raw\train\IHC\03940_train_3+.png,21413.6953125,0.020423054695129395,1,0.25,0,0,1,0,
data\raw\train\IHC\03941_train_2+.png,363494.375,0.5027675032615662,0,0.2,2,0,0,0,
data\raw\train\IHC\03942_train_3+.png,135454.375,0.1292051076889038,1,0.25,0,0,0,0,
data\raw\train\IHC\03943_train_2+.png,21315.48828125,0.7840035557746887,0,0.2,2,0,0,0,
data\raw\train\IHC\03944_train_2+.png,1492.3238525390625,0.0014231909299269319,0,0.2,2,0,1,0,
data\raw\train\IHC\03945_train_3+.png,52463.40625,0.05131954327225685,1,0.25,0,0,0,0,
data\raw\train\IHC\03946_train_2+.png,0.0076274992898106575,7.274150171099336e-09,0,0.2,2,1,1,1,
data\raw\train\IHC\03948_train_2+.png,193116.859375,0.18417058885097504,0,0.2,2,0,0,0,
data\raw\train\IHC\03949_train_1+.png,26819.6796875,0.04380876198410988,0,0.2,2,0,1,0,
data\raw\train\IHC\03950_train_3+.png,75105.703125,0.3484908640384674,1,0.25,0,0,0,0,
data\raw\train\IHC\03951_train_2+.png,43.81388854980469,4.178418021183461e-05,0,0.2,2,1,1,1,
data\raw\train\IHC\03952_train_3+.png,419.6495666503906,0.00040080261533148587,1,0.25,0,1,1,1,
data\raw\train\IHC\03953_train_3+.png,58135.8359375,0.05565512180328369,1,0.25,0,0,0,0,
data\raw\train\IHC\03954_train_2+.png,894.2582397460938,0.0008528311154805124,0,0.2,2,0,1,0,
data\raw\train\IHC\03955_train_3+.png,499764.15625,0.4766136109828949,1,0.25,0,0,0,0,
data\raw\train\IHC\03956_train_2+.png,761632.9375,0.7263497710227966,0,0.2,2,0,0,0,
data\raw\train\IHC\03957_train_2+.png,864518.3125,0.8244689106941223,0,0.2,2,0,0,0,
data\raw\train\IHC\03959_train_1+.png,146499.21875,0.2326263189315796,0,0.2,2,0,0,0,
data\raw\train\IHC\03960_train_2+.png,116679.7265625,0.47849956154823303,0,0.2,2,0,0,0,
data\raw\train\IHC\03961_train_2+.png,1.967745304107666,1.876588157756487e-06,0,0.2,2,1,1,1,
data\raw\train\IHC\03963_train_1+.png,19052.6484375,0.01817002147436142,0,0.2,2,0,1,0,
data\raw\train\IHC\03964_train_3+.png,291054.34375,0.278308629989624,1,0.25,0,0,0,0,
data\raw\train\IHC\03965_train_2+.png,621.0192260742188,0.000592250085901469,0,0.2,2,0,1,0,
data\raw\train\IHC\03966_train_1+.png,165582.21875,0.9556035995483398,0,0.2,2,0,0,0,
data\raw\train\IHC\03967_train_3+.png,475243.78125,0.519101083278656,1,0.25,0,0,0,0,
data\raw\train\IHC\03968_train_3+.png,483228.5625,1.5233711004257202,1,0.25,0,0,0,0,
data\raw\train\IHC\03969_train_2+.png,52211.5546875,0.0497928187251091,0,0.2,2,0,1,0,
data\raw\train\IHC\03970_train_2+.png,327737.59375,0.3125549256801605,0,0.2,2,0,0,0,
data\raw\train\IHC\03971_train_2+.png,91229.859375,0.724494993686676,0,0.2,2,0,0,0,
data\raw\train\IHC\03972_train_0.png,261288.9375,0.30274081230163574,0,0.2,2,0,0,0,
data\raw\train\IHC\03973_train_3+.png,66143.1328125,0.06312927603721619,1,0.25,0,0,0,0,
data\raw\train\IHC\03974_train_3+.png,57.99760437011719,0.00025357468985021114,1,0.25,0,1,1,1,
data\raw\train\IHC\03975_train_1+.png,357018.90625,0.3404797613620758,0,0.2,2,0,0,0,
data\raw\train\IHC\03976_train_2+.png,122261.828125,1.0811020135879517,0,0.2,2,0,0,0,
data\raw\train\IHC\03977_train_1+.png,111901.203125,0.8196089267730713,0,0.2,2,0,0,0,
data\raw\train\IHC\03978_train_3+.png,209021.90625,0.19981713593006134,1,0.25,0,0,0,0,
data\raw\train\IHC\03979_train_1+.png,54745.12890625,0.6546345949172974,0,0.2,2,0,0,0,
data\raw\train\IHC\03980_train_1+.png,424897.0,0.4616433382034302,0,0.2,2,0,0,0,
